date,city,LWdown_f_tavg,Psurf_f_tavg,Qair_f_tavg,RadT_tavg,Rainf_f_tavg,SnowCover_inst,SnowDepth_inst,Snowf_tavg,SoilMoi00_10cm_tavg,SoilMoi10_40cm_tavg,SoilMoi100_200cm_tavg,SoilMoi40_100cm_tavg,SoilTemp00_10cm_tavg,SoilTemp10_40cm_tavg,SoilTemp10_40cm_tavg,SoilTemp100_200cm_tavg,SoilTemp40_100cm_tavg,SWdown_f_tavg,SWE_inst,Swnet_tavg,Tair_f_tavg,Wind_f_tavg
10-01-01,Algeirs,304.3978005727132,100658.8158203125,0.0064316681411582975,285.8224418640137,2.8783299300509194E-5,0.0,0.0,0.0,0.32674635214110215,0.3230043104539315,0.3532169812669357,0.2911654228965441,286.1320437113444,287.25997886657717,287.25997886657717,289.618638865153,288.3176666259765,105.64814580281575,0.0,91.83126529057822,286.2015252431233,7.730764498313268
10-02-01,Algeirs,306.6444184621175,100202.0953125,0.006644721866662925,286.62749799092614,3.381604929018067E-5,0.0,0.0,0.0,0.33087594968577233,0.32656065163513026,0.3522445544600487,0.3073858294636011,286.5972911834717,286.77743581136065,286.77743581136065,288.10839792887367,287.14259910583496,136.4107163111369,0.0,116.88221063613891,286.83760058085124,8.048011855284372
10-03-01,Algeirs,312.57994982401533,100959.31370442708,0.007004494386880348,287.91150881449386,3.108275839925531E-5,0.0,0.0,0.0,0.33001808561384677,0.3261863429099321,0.3501842241734266,0.3199996435393889,287.9823870340983,288.105979792277,288.105979792277,288.3889596303304,288.1328750610351,185.651956876119,0.0,157.76671441396078,287.5983520507812,5.834781742095947
10-04-01,Algeirs,326.0640370686849,100867.6103515625,0.008351253791867444,290.9527168273925,1.473788240673457E-5,0.0,0.0,0.0,0.3060377935568491,0.2993114743381739,0.3470794276644786,0.29776573019723096,290.7970420837402,290.2593585968017,290.2593585968017,289.5555806477865,289.83354670206705,236.4703383763631,0.0,202.60432605743406,289.68569450378413,4.718770110607148
10-05-01,Algeirs,324.3089975992839,100688.86608072916,0.00814524474941815,293.53623555501304,1.3109835549585114E-5,0.0,0.0,0.0,0.2842858418822289,0.2771626479923725,0.3460336192200581,0.2694487027823925,293.3487915039062,292.6361507415771,292.6361507415771,291.2747790018717,291.9814125061035,282.2936270395915,0.0,243.10592708587646,291.77668774922694,5.33492559393247
10-06-01,Algeirs,346.36532859802253,100602.79378255208,0.010213394676490375,298.4375350952148,2.6704437791143693E-6,0.0,0.0,0.0,0.26258965382973354,0.2519857877244552,0.3449594654142856,0.24833758510649204,298.0899982452393,296.7741985321045,296.7741985321045,293.6369127909342,295.31457239786783,319.06699409484867,0.0,276.13178596496584,295.70656700134276,4.370250270764033
10-07-01,Algeirs,367.7753304799398,100755.28313802084,0.01224453802375744,303.4064107259115,1.4973237050242005E-7,0.0,0.0,0.0,0.2463763553649187,0.2382377880314986,0.34199343870083493,0.23762799451748529,303.0041531880696,301.4451335906982,301.4451335906982,296.6079709370931,299.31035054524733,324.8904546101888,0.0,280.6741443634033,300.36256319681803,4.640223220984142
10-08-01,Algeirs,371.362143834432,100718.60478515623,0.01271346623931701,302.9440312703451,2.434176273406289E-6,0.0,0.0,0.0,0.2483924653381109,0.2333311603715022,0.3401483545700709,0.23332941867411136,302.75764287312825,301.9943192799886,301.9943192799886,298.74438514709476,300.72299702962243,287.5549563090006,0.0,248.329666074117,300.24375597635907,4.615118438005447
10-09-01,Algeirs,357.16296971638997,100744.83229166668,0.011646510493786386,299.3763585408529,4.9804135642261835E-6,0.0,0.0,0.0,0.2546125816802184,0.23202600615719954,0.3396381624042987,0.23198174200952054,299.4476258595784,299.64792696634925,299.64792696634925,298.8547688802084,299.6595540364583,236.99541702270508,0.0,205.251131884257,297.18478991190597,4.586803662776948
10-10-01,Algeirs,334.04541460673016,100585.6986328125,0.008999824776158979,294.8139161427816,3.3508898862540564E-5,0.0,0.0,0.0,0.29794116479655114,0.27595786713063714,0.3452034498254458,0.23660019412636757,294.9875253041585,295.65366414388023,295.65366414388023,297.16646321614587,296.4995755513509,174.22934595743814,0.0,153.86582171122237,293.98286692301434,5.166160130500794
10-11-01,Algeirs,319.73438453674316,100507.69833984374,0.007867385514934237,289.1717811584473,4.459024266907363E-5,0.0,0.0,0.0,0.30781604759395126,0.31645122220118843,0.3469286353637775,0.2878335427492857,289.45518150329593,290.5523667653402,290.5523667653402,293.5143707275391,291.8922472635905,120.22505391438801,0.0,106.6801957766215,289.0591899871826,7.283942111333211
10-12-01,Algeirs,306.02504984537757,100604.49075520833,0.00610958594091547,286.4952465057373,4.529255879788252E-5,0.0,0.0,0.0,0.3324757614483436,0.3259435189267,0.34792659406860665,0.30277763617535436,286.8007932027181,287.9069204966227,287.9069204966227,290.5911529541016,289.10736821492515,91.79706970850629,0.0,81.28256120681763,287.2079135894776,6.99727495710055
11-01-01,Algeirs,305.41868896484374,101139.79332682291,0.006406164836759367,285.39808858235676,2.4743893345657855E-5,0.0,0.0,0.0,0.3301225710660219,0.3259225007146597,0.34474515952169893,0.32065269698699317,285.59865455627437,286.38049176534014,286.38049176534014,288.4983079274495,287.23728243509925,99.30963827768961,0.0,86.3214740117391,285.96557337443033,5.086544330914815
11-02-01,Algeirs,297.65337537129716,101190.91764322917,0.006257369408073524,284.8637550354004,4.353503791207913E-5,0.0,0.0,0.0,0.35018897739549476,0.34339509469767415,0.3480270271499951,0.33963076435029504,285.0189985911051,285.65714098612466,285.65714098612466,287.2321605682373,286.2372451782227,140.0383061091105,0.0,119.96187734603882,285.31994578043617,6.220941046873729
11-03-01,Algeirs,307.50647048950196,100996.98427734374,0.006683128717122599,287.64290695190425,2.2167563906805297E-5,0.0,0.0,0.0,0.33624442629516127,0.33322010474900404,0.3497108257065217,0.3340460229665041,287.5576946258545,287.3296700795492,287.3296700795492,287.45656267801917,287.21395276387534,195.05396633148194,0.0,165.7395528157552,287.2770043690999,6.282068264484406
11-04-01,Algeirs,320.0160814921061,100752.83828124999,0.00849032454037418,292.5134101867676,2.178141330659855E-5,0.0,0.0,0.0,0.30733895661930244,0.298633325472474,0.3466830808669329,0.296663740153114,292.2326592763265,291.22864735921223,291.22864735921223,289.7066051483154,290.4304593404134,266.2464164733887,0.0,228.03688144683835,291.3168136596679,4.921593815088272
11-05-01,Algeirs,341.88909988403327,100859.55488281249,0.009531679920231302,294.62575238545736,3.909872557414928E-5,0.0,0.0,0.0,0.3145734544843435,0.31246862982710205,0.3475896461556355,0.2880318333705266,294.3542116800944,293.32979342142744,293.32979342142744,291.56049486796064,292.44079818725584,266.59961217244467,0.0,229.55938491821286,293.22399724324544,5.354423175255457
11-06-01,Algeirs,352.15890452067055,100853.18932291666,0.011104890052229166,298.83909263610843,4.359898213124325E-6,0.0,0.0,0.0,0.2808690037578344,0.28078529573976996,0.3457268005857865,0.2694584808001916,298.4599686940511,297.0353791554769,297.0353791554769,293.7560773213704,295.4861353556315,315.1966468811035,0.0,272.7948888142904,296.24695676167806,4.211606832345327
11-07-01,Algeirs,374.0502463022867,100557.58479817708,0.012256776370729009,303.40708529154466,8.610116471648628E-7,0.0,0.0,0.0,0.2513932544738054,0.2522003329048554,0.34196452721953396,0.24966106638312338,303.0835559844971,301.77909126281736,301.77909126281736,297.4029107411703,299.9744096120198,324.283113861084,0.0,280.1447926839193,300.2002690633137,4.888087207078934
11-08-01,Algeirs,373.7781030019124,100655.61617838542,0.012294542556628584,303.93055839538573,1.1671523201547034E-6,0.0,0.0,0.0,0.24481315327187378,0.24079120221237343,0.3395835605760416,0.2401103885223468,303.69159876505535,302.75390942891437,302.75390942891437,299.2319590250651,301.34083760579426,292.2668088277181,0.0,252.40047683715818,301.2179574330647,4.53768980105718
11-09-01,Algeirs,360.5301869710286,100865.04104817708,0.012724218847385298,300.0334828694662,5.778242717724424E-6,0.0,0.0,0.0,0.2637768317013979,0.23795253696540988,0.3401370156556368,0.2373821888118982,300.0904707590739,300.2641456604004,300.2641456604004,299.4859179178873,300.26621805826824,239.5927629470825,0.0,207.49894008636474,297.844984181722,4.586361251274744
11-10-01,Algeirs,340.7091543833415,101090.64931640626,0.010082007281016558,295.47963803609207,1.4749001365998993E-5,0.0,0.0,0.0,0.2624188087880611,0.2381154002000888,0.3392792046070099,0.23540541430314382,295.64982706705734,296.25304412841797,296.25304412841797,297.4467427571614,297.0064374287923,179.32320772806804,0.0,158.39005699157715,294.20378125508626,4.446362992127736
11-11-01,Algeirs,328.6745994567871,100868.8361002604,0.008185353522033742,290.4609102884928,6.539811593029298E-5,0.0,0.0,0.0,0.3221951752901077,0.30331323867042864,0.34629088677465913,0.2520144313573838,290.72884534200034,291.72841148376466,291.72841148376466,294.5349965413412,293.0096932729085,113.74163398742675,0.0,100.92684446970621,290.4458001454671,6.502116769552231
11-12-01,Algeirs,306.5219064076741,101748.07652994791,0.006900983854817847,286.6149209340413,2.7822659118707332E-5,0.0,0.0,0.0,0.32946855487922827,0.3289650066445271,0.34660626761615276,0.3153925310820341,286.94142468770343,288.1795049031575,288.1795049031575,291.2042021433512,289.55237604777017,100.09624347686767,0.0,88.69244356155396,286.98315760294594,5.655542576313018
12-01-01,Algeirs,293.9430009206136,101738.77900390625,0.006347335746977479,285.08024609883626,1.4485584946063073E-5,0.0,0.0,0.0,0.3124124474823475,0.3166521375377973,0.3416178744286299,0.32055785184105245,285.35925407409667,286.40019365946455,286.40019365946455,288.71859448750814,287.39748128255206,117.91635513305664,0.0,102.49895852406819,285.51037178039553,5.139153619607289
12-02-01,Algeirs,287.3093728383382,101369.73714192708,0.005052196597292398,282.2680901845296,1.3702772086314021E-5,0.0,0.0,0.0,0.3362876647462448,0.33065589182078836,0.3427850081274907,0.32412746449311575,282.5214556376139,283.6458213806152,283.6458213806152,286.52622172037763,284.803861618042,133.28304367065428,0.0,114.09324378967285,282.3742285410563,5.3486272672812145
12-03-01,Algeirs,304.48742790222167,101571.661328125,0.007010603199402491,287.5628604888916,2.5071000050047586E-5,0.0,0.0,0.0,0.31861578623453773,0.3117644737164179,0.3400390323251486,0.30725256614387036,287.4472274780274,287.02309557596845,287.02309557596845,286.80064862569174,286.7150629679362,203.2344753265381,0.0,172.71538416544598,286.9427158355713,4.578512817621231
12-04-01,Algeirs,315.1761692047119,100307.18736979167,0.007586474245181308,289.9900866190593,3.9939485789849026E-5,0.0,0.0,0.0,0.32895641326904296,0.32781817838549615,0.3417030092328787,0.31501136124134066,289.81876818339026,289.203718439738,289.203718439738,288.5196392059326,288.73612416585286,242.7378620783488,0.0,207.97181371053057,289.0422196706136,6.4696559548377985
12-05-01,Algeirs,331.76294352213546,100880.40364583333,0.009214933682233094,294.8945897420247,9.66120469835611E-6,0.0,0.0,0.0,0.2953747124721606,0.28890437682469683,0.33950344858070214,0.28821190198262536,294.529478708903,293.2281440734863,293.2281440734863,290.88651987711586,292.0634068806966,303.8473401387532,0.0,261.65186475117997,293.1070916493734,4.59838529030482
12-06-01,Algeirs,366.8817743937174,100725.55074869792,0.011391480092424898,301.71987241109207,2.4380301084647726E-6,0.0,0.0,0.0,0.259014547119538,0.2543620919187864,0.3364147808402777,0.2549550158282121,301.1532694498698,299.03150329589846,299.03150329589846,294.3837500254313,296.7887170155844,317.837559000651,0.0,275.07562306722,298.9760983784994,4.326315168539683
12-07-01,Algeirs,369.42223218282066,100730.61923828124,0.01204000748305892,303.23809687296546,4.659768221652409E-8,0.0,0.0,0.0,0.24362135628859202,0.2387458677093188,0.33354322078327336,0.23964606858789922,302.98198458353676,301.91621322631835,301.91621322631835,297.8169392903646,300.29040247599283,315.2679141998291,0.0,272.35536092122396,300.09219843546543,4.483905943234762
12-08-01,Algeirs,382.93079172770183,100724.65771484375,0.012427623864884179,305.2896273295085,0.0,0.0,0.0,0.0,0.23809823766350746,0.23302161308626335,0.3312933610131343,0.23377133458852767,305.0186166127522,303.9117719014486,303.9117719014486,299.7685614267985,302.2179944356282,266.44509976704916,0.0,230.09954325358075,303.19448623657223,3.9807024816672008
12-09-01,Algeirs,363.02299855550126,100768.63951822919,0.011433988149898749,299.6823912302653,6.49421703731908E-6,0.0,0.0,0.0,0.2650897402316332,0.23254769345124562,0.331837677086393,0.2329032192627589,299.77071151733395,300.03989028930664,300.03989028930664,299.5771999359131,300.17071965535484,213.837448310852,0.0,185.18663234710692,297.84443829854325,4.76119601925214
12-10-01,Algeirs,346.6398619333903,100662.85423177083,0.009639216350236287,296.02491213480624,2.550909202151767E-5,0.0,0.0,0.0,0.28440751185019814,0.2376845493912697,0.33396810255944726,0.23403646561006702,296.19691225687666,296.83637148539225,296.83637148539225,297.934769821167,297.6615655263265,169.0529619216919,0.0,149.26773681640623,295.1647003173828,5.090302791198095
12-11-01,Algeirs,330.5732747395834,100604.72721354167,0.008707263821270317,290.58597056070965,3.9506803159383704E-5,0.0,0.0,0.0,0.32445899434387687,0.30700285434722896,0.3408425635347763,0.2463235231737296,290.8807060241699,291.92872848510746,291.92872848510746,294.80744247436525,293.2029107411703,112.44745588302612,0.0,99.77986017862956,290.5910036722819,6.452253244320551
12-12-01,Algeirs,302.7089036305745,101316.7451497396,0.006861147583307077,286.8241600036621,2.1347683893206217E-5,0.0,0.0,0.0,0.3191099340716998,0.3198642420272032,0.33978111731509375,0.28524856890241307,287.04409726460773,287.95467007954915,287.95467007954915,290.913313293457,289.12178700764974,109.23634068171182,0.0,96.7314034461975,287.20257568359375,6.023139391342799
13-01-01,Algeirs,295.2680751800537,101148.80703125,0.006401276510829727,285.4722632090251,4.37028763978257E-5,0.0,0.0,0.0,0.31585123849411806,0.3165623385459185,0.33805558905005456,0.29343230662246544,285.7169626871745,286.67250188191736,286.67250188191736,288.98390719095863,287.658038965861,112.66990973154702,0.0,97.8917409578959,285.9243258158366,8.296987728277843
13-02-01,Algeirs,289.53980166117356,100925.74736328125,0.005570429113383094,284.41856918334963,3.6505334628600386E-5,0.0,0.0,0.0,0.33429076162477334,0.33095796468357247,0.33957815666993457,0.3195428911596536,284.6855859120687,285.6838451385498,285.6838451385498,287.64770088195803,286.5150594075521,144.42644093831382,0.0,123.76231613159179,284.6805002848307,7.450820797681808
13-03-01,Algeirs,312.0418806711832,100198.43401692709,0.007100055960472673,287.9973543802897,3.384489843180442E-5,0.0,0.0,0.0,0.3340940244495869,0.3297746368994316,0.3396217135091622,0.3227542222787937,287.8545328776042,287.44405810038245,287.44405810038245,287.5097024281819,287.23425369262696,190.23522478739417,0.0,161.65050099690754,287.8549674987793,8.982761017481486
13-04-01,Algeirs,317.5160888671875,100659.56337890626,0.007766345826288064,290.77307917277017,1.9086740500521653E-5,0.0,0.0,0.0,0.30083411994079745,0.2959661615391572,0.33683177791535857,0.2932712323963642,290.6678134918213,290.1740053812663,290.1740053812663,289.29842173258464,289.7166313171387,253.76588967641194,0.0,217.3670571009318,289.5611451466878,5.838891696929932
13-05-01,Algeirs,328.5855715433756,100705.83160807291,0.008489265358851602,292.63606084187825,2.8590066206864622E-5,0.0,0.0,0.0,0.306434616446495,0.3015227507799864,0.33807468873759106,0.2719810632367929,292.46112238566076,291.81765034993487,291.81765034993487,290.7838484446208,291.2886750539144,276.0736656188965,0.0,237.7433085123698,291.0428784688314,5.434836425383886
13-06-01,Algeirs,332.8892884572347,100947.398828125,0.009365988802164792,297.5234032948812,2.0170135589599642E-6,0.0,0.0,0.0,0.2696269986530145,0.2748290567348401,0.3354641797641913,0.25754794577757517,297.1438254038493,295.7805632273356,295.7805632273356,292.82725830078124,294.39411214192705,348.78389333089194,0.0,301.84994074503584,294.7061991373698,5.353331263860067
13-07-01,Algeirs,368.52269134521487,100857.51819661456,0.01298986152590563,302.4018343607584,6.428359559625581E-7,0.0,0.0,0.0,0.24854651242494585,0.24812925383448603,0.3322191552569468,0.24345248565077782,301.97411168416346,300.3325839996338,300.3325839996338,295.8587608337403,298.2661029815674,319.6157903035482,0.0,276.112279510498,299.1506791432699,4.290386603275935
13-08-01,Algeirs,365.88035583496094,100752.09140624998,0.012485889139740417,302.84644724527993,2.5141366933212337E-6,0.0,0.0,0.0,0.24480625490347546,0.2381815734008948,0.3297086267421643,0.2363435669491688,302.6880241394043,302.0203629811605,302.0203629811605,298.7313837687174,300.8456844329834,293.84620666503906,0.0,253.7632193247477,300.0867102305095,4.923485740025838
13-09-01,Algeirs,369.0013036092122,100903.97034505208,0.01306909496973579,299.27580057779943,1.1157410388780892E-5,0.0,0.0,0.0,0.28244811135033765,0.24300387973586718,0.33208305972317853,0.23626529400547347,299.2711907704671,299.2372141520182,299.2372141520182,298.48181864420576,299.1048969268799,214.9493640899658,0.0,186.24708054860434,297.3217885335286,4.5403985222180685
13-10-01,Algeirs,358.81489919026694,100900.32792968751,0.01099397032521665,297.9422613779704,9.823423802875669E-6,0.0,0.0,0.0,0.27671932491163415,0.24820661693811416,0.33267927070458736,0.2358150860915581,297.99358825683595,298.11633249918617,298.11633249918617,297.65218658447264,298.0985541025797,170.41679026285806,0.0,150.4941150665283,296.82374547322587,4.445499336719513
13-11-01,Algeirs,316.90458691914876,100947.00016276042,0.0073432444691813245,288.9628721872965,5.0491685427308154E-5,0.0,0.0,0.0,0.30679788005848724,0.28911225075523056,0.33585996665060525,0.25702994714180627,289.42183519999185,291.123211924235,291.123211924235,295.0883809407552,293.2028508504232,122.22330989837646,0.0,108.45294669469196,288.6306739807129,6.582213826974233
13-12-01,Algeirs,304.05114364624023,101607.48333333334,0.00658676994110768,285.6698891957601,3.615281930251513E-5,0.0,0.0,0.0,0.3152656392504772,0.31911564779778323,0.3352716241031885,0.29348038919270036,285.94004961649574,286.98297551472984,286.98297551472984,290.1970666249593,288.2528772989909,95.70062217712403,0.0,84.77230590184527,286.16195182800294,5.165591069062551
14-01-01,Algeirs,304.61258366902666,100861.30989583333,0.006430034537333995,286.1135396321614,3.9073220508119756E-5,0.0,0.0,0.0,0.34076675549149515,0.3365771885961294,0.33867247427503266,0.32618991248309614,286.2641522725423,286.88558057149254,286.88558057149254,288.55239982604985,287.54627329508463,105.24051891962688,0.0,91.44895804723103,286.62036819458007,7.475357141097387
14-02-01,Algeirs,301.08299484252933,100921.17275390624,0.006281534436857327,286.5216265360515,2.0277821924234256E-5,0.0,0.0,0.0,0.33541033044457436,0.3320350982248783,0.34091902996102974,0.3293019258727631,286.60465304056805,286.9637641906738,286.9637641906738,287.9573932647705,287.31495730082196,153.42870655059815,0.0,131.44934304555258,286.58648376464845,7.2448444843292235
14-03-01,Algeirs,301.8583564758301,100975.09742838542,0.006671642962222298,286.92016118367513,4.1179311043985456E-5,0.0,0.0,0.0,0.3368339691311121,0.3320517010986805,0.34013759357233847,0.3255759347230196,286.98314743041993,287.26362431844075,287.26362431844075,288.00829798380533,287.5001466115316,202.04719893137613,0.0,171.6922800064087,286.5492925008138,6.399255859851837
14-04-01,Algeirs,313.476585261027,100748.37841796875,0.007509585819207131,292.1148403167725,5.412698042543222E-6,0.0,0.0,0.0,0.29882147771616774,0.3045370961229007,0.33797526558240254,0.30214196927845477,291.80518455505364,290.750471496582,290.750471496582,289.3679902394612,289.9428745269775,272.65895118713377,0.0,233.60532410939535,291.2497531890869,5.554926055669784
14-05-01,Algeirs,323.1038871765137,100818.72073567708,0.008529481082223355,294.7581392923991,5.1850596719305034E-6,0.0,0.0,0.0,0.26274806323150796,0.25709606135884916,0.3339294026295344,0.25871237901349864,294.50160916646314,293.51564496358236,293.51564496358236,291.6990305582682,292.6442618052165,311.55102920532227,0.0,268.2755537668864,292.5680413564046,4.321883571147918
14-06-01,Algeirs,349.5021528879802,100755.0339518229,0.010398077712549516,299.558745320638,6.929494746070001E-6,0.0,0.0,0.0,0.2646518439054489,0.24426857568323615,0.3352003422876199,0.24263693665464717,299.14936014811195,297.584354909261,297.584354909261,293.9068354288737,295.81642773946123,322.4307510375977,0.0,279.0594525655111,296.6277732849121,4.453401414553324
14-07-01,Algeirs,359.77575632731117,100711.5734375,0.011085955255354442,302.70096791585286,5.409275014282382E-7,0.0,0.0,0.0,0.24447545856237413,0.23471810234089688,0.3321329856912295,0.23450933968027432,302.38484395345057,301.155137125651,301.155137125651,296.89873123168945,299.3484354654948,328.9008805592855,0.0,284.1341927846273,299.4490397135417,4.274744385480881
14-08-01,Algeirs,366.57315800984696,100641.53746744792,0.012059501737045746,303.36710459391276,6.130801610974384E-7,0.0,0.0,0.0,0.24242203682661057,0.2311810144533714,0.33020705928405125,0.23134866319596764,303.156820042928,302.3207628885905,302.3207628885905,298.98723309834793,301.01704559326174,299.9233839670817,0.0,259.01264165242515,300.5205579121908,3.972366994619369
14-09-01,Algeirs,374.680335744222,100699.83880208334,0.012426640834504118,301.6753285725911,8.934879933046128E-6,0.0,0.0,0.0,0.2565015587955713,0.23049953530232112,0.32954775666197134,0.23045315295457838,301.63449948628744,301.44930102030435,301.44930102030435,299.56782430013016,300.9139320373535,227.46836210886636,0.0,196.95110740661622,299.5987159729004,4.134440376361211
14-10-01,Algeirs,343.9343622843424,100995.7568359375,0.009729708711771914,296.9923400878906,1.4903487158335339E-5,0.0,0.0,0.0,0.29143522878487904,0.2551030916472276,0.335725204149882,0.2342752425620953,297.13119926452634,297.5874712626139,297.5874712626139,298.21409339904784,298.1029404958089,176.8934039433797,0.0,156.27199986775716,296.04536285400394,4.421911183993021
14-11-01,Algeirs,327.9711399078369,100558.79674479167,0.007688799329722921,291.4212908426921,3.488190275978316E-5,0.0,0.0,0.0,0.3032990464319785,0.292314845820268,0.3378169293204943,0.23901460506021976,291.64835840861,292.517259089152,292.517259089152,295.1255366007487,293.67980257670087,118.17306044896442,0.0,104.85788688659669,291.3818879445394,6.827724403142929
14-12-01,Algeirs,303.1509802500407,101351.815625,0.006454954804697385,285.8371579488118,6.57834477048406E-5,0.0,0.0,0.0,0.3320465859025717,0.32899152114987373,0.338597913334767,0.29562915253142513,286.2741677602132,287.88420753479005,287.88420753479005,291.590419514974,289.59952061971023,96.3521338780721,0.0,85.33528820673625,286.152112197876,6.8592126508553815
15-01-01,Algeirs,293.90478833516437,101625.83623046876,0.005808965566878517,284.5463569641113,3.3990014647618714E-5,0.0,0.0,0.0,0.31895360375444093,0.3224862080067396,0.33588400632143023,0.3147452527036269,284.76411628723145,285.7555742899577,285.7555742899577,288.4661017100016,286.88214416503905,108.63207801183064,0.0,94.43441009521484,285.1931749979655,6.028174952665964
15-02-01,Algeirs,296.6011333465576,100787.32874348959,0.0058696562210874,284.23899790445967,3.273221145718707E-5,0.0,0.0,0.0,0.3448186760147412,0.34153963538507615,0.34193848247329395,0.3382419084509214,284.44854914347326,285.17946128845216,285.17946128845216,286.9647478739421,285.8531984965006,130.39438419342042,0.0,111.71069622039795,284.3341440836589,8.417470562458039
15-03-01,Algeirs,297.51988792419434,101122.56731770834,0.006395010995523383,287.40347785949706,1.728305766543296E-5,0.0,0.0,0.0,0.3194498378783464,0.3196745121230682,0.3412985034286976,0.318710196390748,287.31857922871905,287.1540181477864,287.1540181477864,287.32788645426433,287.0608139038086,215.03042481740314,0.0,182.73478164672855,287.0325160980225,5.292252620061239
15-04-01,Algeirs,317.45724296569824,101135.44427083332,0.007821329636499286,292.06831957499185,4.77551540522351E-6,0.0,0.0,0.0,0.28784605289498966,0.29038081131875515,0.3390223849564791,0.2878256527086099,291.8008416493734,290.71948839823403,290.71948839823403,289.1185713450114,289.8287186940511,262.03879013061527,0.0,224.48457215627033,290.682799021403,5.415964821974437
15-05-01,Algeirs,331.6390460968018,100953.34921875,0.00835536369898667,296.7425983428955,6.5211787424838495E-6,0.0,0.0,0.0,0.2593119212736686,0.24996517164011794,0.33695137351751325,0.2506395348658164,296.37829678853353,295.00402386983234,295.00402386983234,292.3268653869629,293.7736859639486,310.88146425882974,0.0,267.70137723286945,294.6333362579346,4.913212730487189
15-06-01,Algeirs,345.8066565195719,100911.17636718752,0.01028998923720792,299.77460149129234,3.089692203654219E-6,0.0,0.0,0.0,0.2600681632757187,0.23749681276579696,0.3371867482860883,0.23801485411822798,299.350325012207,297.83749122619633,297.83749122619633,294.3373970031738,296.1508483886718,337.5081513722738,0.0,292.0920646667481,296.6191092173259,4.448274467388788
15-07-01,Algeirs,369.3312217712402,100703.60139973958,0.011499532269469152,305.6104128519694,0.0,0.0,0.0,0.0,0.23985682105024658,0.2317406583577394,0.33459776664773627,0.23242358254889647,305.1748430887858,303.4497821807861,303.4497821807861,297.8942174275716,301.02271588643396,334.7265099843343,0.0,289.17113609313964,302.51159655253093,4.535465139150619
15-08-01,Algeirs,386.92507222493487,100668.66692708332,0.013863557976825786,303.9391165415446,2.1819687759716543E-6,0.0,0.0,0.0,0.24553401805460454,0.22997605800628662,0.33305969672898444,0.23050487240155537,303.8110780080159,303.2601867675781,303.2601867675781,300.10240478515624,302.18115183512367,260.3349521636963,0.0,224.8232264836629,301.22327257792153,4.358481534322103
15-09-01,Algeirs,365.5178805033366,100780.14104817709,0.011849035955189416,299.7329778035482,5.32821199120311E-6,0.0,0.0,0.0,0.26820425353944305,0.2303746903936068,0.3334618226935466,0.2305947497487068,299.8236256917317,300.10385144551594,300.10385144551594,299.5603242238363,300.2209781646729,222.40550855000814,0.0,192.630483118693,297.67268638610847,4.515507509311039
15-10-01,Algeirs,350.5108932495117,100804.20569661458,0.010216570273041724,295.5749849955241,2.6443565851271462E-5,0.0,0.0,0.0,0.3029026724398136,0.25998218829433123,0.33860499560832974,0.23414114179710546,295.71638755798335,296.2153537750244,296.2153537750244,297.4374546051026,296.9064385732015,170.0051653544108,0.0,150.14605490366617,294.5375592549642,4.662998672326405
15-11-01,Algeirs,319.3522391001384,101535.59508463542,0.008335835696198045,290.21860783894857,2.7878430470688426E-5,0.0,0.0,0.0,0.31600074693560604,0.3079265593240659,0.3414337190488974,0.2480108595142762,290.5212649027506,291.64294598897294,291.64294598897294,294.53891944885254,292.97134437561033,134.22254428863525,0.0,119.1019897143046,290.11012242635087,4.269633692502976
15-12-01,Algeirs,301.6351760864258,102203.66145833331,0.006412159069441259,287.6541498819987,1.476073523463128E-5,0.0,0.0,0.0,0.3075507136682669,0.3013234678655863,0.33977848490079243,0.253269108881553,287.84916508992507,288.6509839375814,288.6509839375814,291.2531932830811,289.6354240417481,107.74990043640136,0.0,95.45252253214518,288.6818407694499,3.942383099595705
16-01-01,Algeirs,304.80360844930016,101475.28261718749,0.006675206675815085,287.423604329427,2.5426695924579692E-5,0.0,0.0,0.0,0.3119867172092199,0.30902450941503046,0.340023293842872,0.2626221369951963,287.579186630249,288.1570873260498,288.1570873260498,289.7451730092367,288.7301732381185,116.12744229634603,0.0,100.8812731742859,287.8983395894369,6.420199678341548
16-02-01,Algeirs,305.304423268636,101203.643359375,0.006544732048253839,287.0286478678385,3.6188973444950535E-5,0.0,0.0,0.0,0.32658345686892665,0.31225774362683295,0.3415731471031904,0.2686245492349068,287.18177579243974,287.7237258911133,287.7237258911133,288.996044031779,288.20166015625,144.78211873372396,0.0,124.03149824142456,287.1757294972737,8.12396125594775
16-03-01,Algeirs,300.26500790913894,100766.07067057291,0.006412285220964501,286.86764704386394,3.921973784599686E-5,0.0,0.0,0.0,0.324833766122659,0.3216324801246325,0.34099198207259174,0.2995285032937924,286.8401629130046,287.03889147440594,287.03889147440594,288.19027493794755,287.3663580576579,196.97148621877034,0.0,167.43822218577066,286.50010821024574,5.896064891417821
16-04-01,Algeirs,322.5962334950765,100556.94462890625,0.00788180404730762,291.12976353963217,2.0909662384838158E-5,0.0,0.0,0.0,0.3080240954955419,0.30004733440776665,0.3387296912570794,0.2888074963043133,291.0104782104492,290.408211517334,290.408211517334,289.35387967427573,289.82424443562826,246.5911479949951,0.0,211.2910358428955,289.8709904988607,4.813506124416987
16-05-01,Algeirs,329.78956934611,100721.34104817707,0.00881235171497489,294.5394780476888,1.1223581812676759E-5,0.0,0.0,0.0,0.2857363447546959,0.273457437256972,0.3385409604758024,0.2636083334684372,294.23990262349446,293.13173535664873,293.13173535664873,291.24146258036296,292.15585339864094,294.7464120229085,0.0,253.83639647165933,292.6386170705159,4.88142670194308
16-06-01,Algeirs,349.7578267415364,100782.91246744791,0.009991277486551552,299.9731872558594,4.326739580543896E-6,0.0,0.0,0.0,0.25671260207891466,0.24554513134062292,0.3360141480962436,0.2432980532447497,299.5473320007324,297.9573079427083,297.9573079427083,294.20495999654133,296.21955248514814,323.5436564127604,0.0,280.01413955688474,297.1953896840413,4.349431292215983
16-07-01,Algeirs,363.8351425170899,100851.25026041667,0.011548315128311514,303.1425371805827,9.902292115763581E-7,0.0,0.0,0.0,0.2485979378223419,0.23553109814723333,0.3340117012461027,0.2353146114697059,302.8010819753011,301.4946557362874,301.4946557362874,297.17127087910967,299.6484573364258,331.78132146199545,0.0,286.6216898600261,299.9890190124512,5.125540635983149
16-08-01,Algeirs,363.09317105611166,100957.87366536459,0.012079269827033081,302.404816309611,0.0,0.0,0.0,0.0,0.23945089802145955,0.231556494658192,0.33169226969281834,0.23169349829355876,302.28462855021155,301.74829737345374,301.74829737345374,298.9235502878825,300.7445192972819,302.3053153991699,0.0,261.0691697438558,299.5909063975016,4.995130928357442
16-09-01,Algeirs,358.6553840637207,101024.70846354167,0.01128624591898794,299.8978295644124,5.745397474280859E-6,0.0,0.0,0.0,0.2526292925079664,0.23065758297840752,0.3309916699926059,0.23067587291200956,299.93071556091314,300.0114124298095,300.0114124298095,298.98459726969395,299.8692635854086,229.12464548746746,0.0,198.4252814610799,297.9142710367839,4.128966136773427
16-10-01,Algeirs,355.7055575052898,100861.98356119792,0.010787156623943398,297.26367505391437,5.731369467791107E-6,0.0,0.0,0.0,0.27906416803598405,0.2330051336437464,0.3333221572140852,0.2319458211461703,297.32511990865066,297.5056070963542,297.5056070963542,297.5372211456299,297.65305150349934,162.52789522806805,0.0,143.5243631998698,296.3126283009847,4.289072312911352
16-11-01,Algeirs,324.96537577311193,100840.159375,0.0074479092319961636,290.56064465840655,3.663935058284551E-5,0.0,0.0,0.0,0.30327706821262834,0.28309214587012926,0.33745259096225105,0.23624387867748736,290.8906443277995,292.1019116719564,292.1019116719564,295.1731472015381,293.61375071207686,112.76499436696372,0.0,100.05819425582884,290.669291305542,5.841438937187195
16-12-01,Algeirs,313.624067179362,101709.55944010416,0.0075876087978637465,287.0533991495769,4.19797538597777E-5,0.0,0.0,0.0,0.33189387905100987,0.3206112689028184,0.3402737285941839,0.26320668632785477,287.3320301055908,288.38948656717935,288.38948656717935,291.5027819315593,289.6188571929932,97.25106239318848,0.0,86.11904659271242,287.54009564717614,4.401413613557817
17-01-01,Algeirs,300.6660214742024,101237.4230794271,0.005653620365774259,283.8084740956624,6.462863784690853E-5,0.0,0.0,0.0,0.3328163541853428,0.32920211913685005,0.34029102909068265,0.31423234144846596,284.12124315897626,285.380717086792,285.380717086792,288.52257372538253,286.71928749084475,93.68601055145263,0.0,81.47990242640176,284.32914810180665,5.7455739855766295
17-02-01,Algeirs,301.1463907877604,101209.20061848959,0.006705128857477878,286.7590693155924,1.6877442362783764E-5,0.0,0.0,0.0,0.3384610452999671,0.33560978559156257,0.3516549583524466,0.3388620480895042,286.75854771931967,286.815486907959,286.815486907959,287.43229370117183,286.8979886372884,154.11110534667966,0.0,132.0377451578776,286.87171859741215,6.934852015972138
17-03-01,Algeirs,298.7656275431315,101155.23561197918,0.006883689966828873,288.82666180928544,1.2647797458006001E-5,0.0,0.0,0.0,0.311384983236591,0.3125266092518965,0.34785888728996117,0.31220946423709395,288.75246810913086,288.5666269938151,288.5666269938151,288.4899955749512,288.43777262369787,225.7682408650716,0.0,191.85288429260254,288.3675825754801,5.5252799630165095
17-04-01,Algeirs,314.44959576924646,101046.42223307291,0.007606941643947114,291.38731829325354,6.881278238779487E-6,0.0,0.0,0.0,0.2872364837676286,0.2854120453198751,0.34583951346576214,0.28027344532310966,291.2211766560872,290.5484185536702,290.5484185536702,289.6230008443196,290.0041763305664,264.6917886098226,0.0,226.73966579437257,290.07093556722003,5.058603713909785
17-05-01,Algeirs,341.38406194051106,100800.0799153646,0.009253024954038363,296.6786362965902,5.7387846197798355E-6,0.0,0.0,0.0,0.2611652236431837,0.2501401783277591,0.3443437095731497,0.24998434695104757,296.26738560994465,294.7075806935628,294.7075806935628,291.8785277048746,293.2744809468587,290.2282498677572,0.0,249.89529253641763,294.50691350301105,4.839466337362926
17-06-01,Algeirs,363.431436920166,100718.06572265625,0.011393980340411267,301.7697901407878,3.698000987621223E-6,0.0,0.0,0.0,0.25990471132099624,0.23741549489398797,0.3443374793976545,0.23784499640266102,301.30664685567217,299.5516330718994,299.5516330718994,295.0158276875814,297.4694043477377,318.93710403442384,0.0,276.0418543497721,298.85988426208496,4.725793802738188
17-07-01,Algeirs,369.4075693766276,100728.51083984376,0.011499781456465524,304.40219217936203,2.7178145245443374E-8,0.0,0.0,0.0,0.24222625407079854,0.23185537159442904,0.341597672055165,0.23246295563876626,304.0355359395345,302.69006512959794,302.69006512959794,298.1604225158692,300.81703313191736,324.9207631429037,0.0,280.70100440979,301.2717943827311,4.365354450543721
17-08-01,Algeirs,389.0802495320638,100732.61998697917,0.013505942463719596,304.90640856424966,2.016216544120653E-6,0.0,0.0,0.0,0.24504054710268972,0.22996946858863038,0.33975562689205013,0.2304075602442026,304.7171066284179,303.901491800944,303.901491800944,300.2107512156169,302.4917484283447,268.65212478637693,0.0,232.0056228637695,302.1824442545573,4.534559931357701
17-09-01,Algeirs,355.5111494700114,100886.06744791668,0.01117966543727865,299.9140207926432,9.015125101541344E-6,0.0,0.0,0.0,0.2668956901878118,0.23550477909545103,0.3410760572801034,0.23115206696093085,300.01421979268395,300.33309008280435,300.33309008280435,299.85174560546875,300.5150451660156,236.23698342641194,0.0,204.590961710612,297.8930755615234,4.641889655590058
17-10-01,Algeirs,330.97348581949865,101371.65729166666,0.0094217240344733,295.6746953328451,8.803568186976918E-6,0.0,0.0,0.0,0.2685947713752588,0.24211937015255294,0.3417037305732568,0.23137499031921227,295.8286529541016,296.3862444559733,296.3862444559733,297.59614855448405,297.12160555521643,192.44831148783368,0.0,169.98369770050047,294.5206820170085,4.004266928633054
17-11-01,Algeirs,309.82066218058264,101153.90791015625,0.006662369630066677,289.89869918823246,1.6831526136229516E-5,0.0,0.0,0.0,0.2710124909877777,0.25043933888276415,0.3420017273475726,0.23136786632239817,290.1898465474447,291.3296106974284,291.3296106974284,294.5851033528646,292.86080513000485,127.05628360112509,0.0,112.74424028396605,289.9109044392904,5.27073913216591
17-12-01,Algeirs,302.8248210906982,101547.32949218749,0.0061788675879749155,285.4236371358236,6.387881291326872E-5,0.0,0.0,0.0,0.32979499747355784,0.3214446461449067,0.34824963348607224,0.25661012170215447,285.7408003489176,286.94562746683755,286.94562746683755,290.6895804087321,288.38463007609045,95.00097182591755,0.0,84.1467866897583,285.94790585835773,6.342503106594086
18-01-01,Algeirs,292.4277111053467,101445.04742838541,0.006238576084918652,286.1672915140788,1.958140527828315E-5,0.0,0.0,0.0,0.32716393383840714,0.3218106926729282,0.3479012437164783,0.300443426767985,286.347013982137,287.03965390523274,287.03965390523274,288.7657844543457,287.7121255238851,124.07406841913858,0.0,107.80302203496298,286.5704827626546,6.305921373764674
18-02-01,Algeirs,295.73437436421716,100659.91529947915,0.005690687727959205,284.2847661336263,3.1079113311231287E-5,0.0,0.0,0.0,0.3269572469095389,0.32404052652418613,0.34605339989066125,0.31288901865482327,284.5118105570475,285.45166409810383,285.45166409810383,287.5691378275553,286.3291687011719,140.07502326965334,0.0,120.00209544499715,284.20033378601073,5.519304448366165
18-03-01,Algeirs,311.67619667053225,100244.663671875,0.006797022246367608,287.99289525349934,3.7596989629188714E-5,0.0,0.0,0.0,0.325646718715628,0.3195899315178394,0.34435984094937644,0.3061735140780608,287.93505045572914,287.73572006225584,287.73572006225584,287.8831942240397,287.64005559285476,185.6394141515096,0.0,157.76450341542562,287.7469509124756,8.345903297265371
18-04-01,Algeirs,321.21215235392253,100599.51901041667,0.007894419382015863,291.14150060017903,3.2704936029404055E-5,0.0,0.0,0.0,0.31708326439062756,0.31413570667306584,0.34407784839471184,0.2977928293248017,290.9177759806315,290.0766578674316,290.0766578674316,288.995561726888,289.4096141815185,243.66681365966798,0.0,208.7309379577637,289.89775403340656,6.563670808076858
18-05-01,Algeirs,333.42223777771,100666.6732421875,0.009249347052536903,293.1387386322021,1.8611261521073174E-5,0.0,0.0,0.0,0.3048075836151838,0.2938124195983013,0.3431336666146914,0.2815808956821759,292.9312380472819,292.1760140736898,292.1760140736898,290.787032699585,291.47127240498855,281.1965534210205,0.0,242.15343640645344,290.9380970001221,4.049023781220118
18-06-01,Algeirs,347.2190241495768,100751.41712239583,0.01071334523924937,298.6951675415039,7.034294564315738E-6,0.0,0.0,0.0,0.28062846958637233,0.27674462298552194,0.34244278458257515,0.26241939154764016,298.27993952433263,296.75509465535487,296.75509465535487,293.3986677805583,295.16660703023274,330.4391813913981,0.0,285.99412078857426,295.829545211792,4.179332357645035
18-07-01,Algeirs,371.16838887532555,100675.1529296875,0.011961698768815645,303.22240028381344,2.883957679481834E-7,0.0,0.0,0.0,0.24763553564747176,0.24927130937576295,0.33795823516945045,0.24535928120215733,302.86708272298176,301.4391026814779,301.4391026814779,296.8748119354248,299.49557406107584,306.2556930541992,0.0,264.5699484507243,300.38211021423336,3.9160935779412585
18-08-01,Algeirs,375.3386315663655,100776.69472656249,0.013332293256341169,302.92782630920414,5.532507763916782E-7,0.0,0.0,0.0,0.24361163812379044,0.23903088656564553,0.3354686234146356,0.23751973050336042,302.754850769043,302.06616668701173,302.06616668701173,299.02047869364424,300.93409042358394,270.0032366434733,0.0,233.17279230753584,300.27747764587406,4.006009450554847
18-09-01,Algeirs,378.4270523071289,101011.76009114581,0.012757136059614519,300.72412567138673,2.198664360548719E-5,0.0,0.0,0.0,0.2834987125049035,0.2559760477393866,0.3387588894615571,0.23770362896223865,300.7256618499756,300.67903327941895,300.67903327941895,299.31121228535966,300.3790915171305,206.77171554565427,0.0,179.2123748779297,299.0055745442708,4.279163952668507
18-10-01,Algeirs,341.09391924540205,100693.34046223959,0.009665412498482814,294.8074649810791,3.0188407784711065E-5,0.0,0.0,0.0,0.29872991604109606,0.285415527348717,0.3427289053797722,0.23994619660079478,295.0446604410807,295.88205897013347,295.88205897013347,297.3881215413411,296.79098091125485,173.2811522801717,0.0,153.0221337000529,293.79430033365884,5.20912261803945
18-11-01,Algeirs,317.26364390055335,100801.394921875,0.007542548066703602,289.43554306030273,4.656020320605118E-5,0.0,0.0,0.0,0.3271437987685203,0.32375427981217697,0.3440998134513696,0.27467817192276317,289.6881618499756,290.6629512786865,290.6629512786865,293.7405771891276,291.9883380889893,122.17381782531737,0.0,108.41262900034587,289.57753295898436,6.727322594324748
18-12-01,Algeirs,301.19546076456703,101728.966015625,0.006999187984426196,286.99221115112306,2.5100057602382245E-5,0.0,0.0,0.0,0.3237470568468173,0.32305366049210227,0.3424544920523961,0.30148309705158066,287.26621589660647,288.29396616617834,288.29396616617834,290.8891045888265,289.438431930542,108.48121557235717,0.0,96.09002962112426,287.9423431396484,4.520085982481638
19-01-01,Algeirs,294.1997859954834,101218.0484375,0.005974650268520538,284.3438535054525,3.8179706825758325E-5,0.0,0.0,0.0,0.33227086613575624,0.3272828374058008,0.34047372775773205,0.3163156052430471,284.58961588541666,285.6018126169841,285.6018126169841,288.31922047932943,286.72967643737786,109.81343545913697,0.0,95.43789946238199,284.89152030944825,5.95205662647883
19-02-01,Algeirs,282.26820958455403,101617.60677083333,0.005621027820355568,285.44948043823246,1.539844666543407E-5,0.0,0.0,0.0,0.3317306033025185,0.3312523785978556,0.34328412065903346,0.3314326543360948,285.6082555135091,286.1695950826009,286.1695950826009,287.3656373341878,286.61760978698726,169.7083830515544,0.0,145.36932830810548,285.809471766154,5.671027002731959
19-03-01,Algeirs,303.60322024027505,101484.63544921875,0.006572159501956776,288.0103448232015,9.480066808009724E-6,0.0,0.0,0.0,0.30951621097822984,0.30517906223734215,0.34008621548612916,0.30413598467906316,287.90258725484216,287.69206682840985,287.69206682840985,287.878667195638,287.62126477559406,204.7705925623576,0.0,174.01441669464114,287.68456954956054,4.81735798716545
19-04-01,Algeirs,314.89966227213546,100538.62395833334,0.007589005341287702,290.5368326822917,1.774544441559556E-5,0.0,0.0,0.0,0.29900012624760464,0.28463373395303887,0.34048876414696383,0.27825755837063,290.38962376912434,289.7951391855876,289.7951391855876,289.02499160766604,289.3194960276286,252.21090539296466,0.0,216.0827430089315,289.25509707132977,5.646685326099395
19-05-01,Algeirs,323.7830322265625,100718.52213541667,0.008252562698908152,294.41114323933914,7.79230717853352E-6,0.0,0.0,0.0,0.2737099895874659,0.2668762276570002,0.340814325834314,0.2555612744142612,294.12968724568685,293.0466265360514,293.0466265360514,291.07054494222,292.07848014831546,300.4232854207356,0.0,258.6990856170654,292.2655208587646,4.672686413923899
19-06-01,Algeirs,352.108608118693,100640.80091145833,0.010172523422321927,300.768971379598,2.1790024608966024E-6,0.0,0.0,0.0,0.24986503124237058,0.24018812303741768,0.3373166762292385,0.23841460533440112,300.1853660583496,298.0850137074789,298.0850137074789,293.7338563283285,295.9043708801269,332.6536314646403,0.0,287.8844470977783,297.6122852325439,4.537892047564188
19-07-01,Algeirs,379.3082408905029,100523.53232421874,0.012396987248212098,304.9903657277425,1.1814396965329856E-6,0.0,0.0,0.0,0.24492475787798562,0.23290710200866063,0.3354943869014581,0.23276714036862056,304.6477443695069,303.23962682088217,303.23962682088217,297.8539372762044,301.0355416615804,321.3760833740234,0.0,277.6301417032878,301.64770736694334,4.914222421248754
19-08-01,Algeirs,387.36274312337247,100691.79189453126,0.013764326239470394,304.27692654927574,2.5926638916947315E-6,0.0,0.0,0.0,0.2453118381400903,0.23062297850847244,0.33396069196363287,0.23066578345994154,304.12153689066565,303.46496671040853,303.46496671040853,300.0856934865316,302.27341079711914,278.97304967244463,0.0,240.92004801432296,301.32431894938156,4.571823181708654
19-09-01,Algeirs,372.12258008321123,100881.67207031252,0.012783687266831597,300.0563426971435,2.0326084093843144E-5,0.0,0.0,0.0,0.2865052048116922,0.24713288843631745,0.33773598236342267,0.2330960058917602,300.0786810557048,300.1311347961426,300.1311347961426,299.4470007578532,300.0803521474203,212.81103286743166,0.0,184.37942689259847,298.3688463846842,4.352551329135895
19-10-01,Algeirs,340.14919560750326,100895.17470703124,0.009623985399957746,296.37307128906247,8.327472596647568E-6,0.0,0.0,0.0,0.27488514271875225,0.25934331814448036,0.33908170200884347,0.2334870704760154,296.54068171183263,297.14196713765466,297.14196713765466,297.99034080505373,297.79410413106285,189.2901011784871,0.0,167.15453446706135,295.1421571095784,4.812099025646845
19-11-01,Algeirs,319.7044031778972,100485.30058593751,0.007858113498271754,289.2559585571289,5.0947730869665975E-5,0.0,0.0,0.0,0.313405313094457,0.3039079274982214,0.34152896391848725,0.2555157016962767,289.57415301005045,290.76879259745283,290.76879259745283,294.4199705759684,292.36389249165853,116.36091060638427,0.0,103.25464143753052,289.26622403462727,8.427665452162424
19-12-01,Algeirs,307.58570976257323,101142.19000651041,0.007146786025259644,287.96720377604163,2.160674509923411E-5,0.0,0.0,0.0,0.3118279537806908,0.31194761134684085,0.34126489845414953,0.2816836260259152,288.20222193400065,289.0569543202718,289.0569543202718,291.11117668151854,289.9229326883952,101.60596421559653,0.0,89.97336053848265,288.5852848052978,6.874068502585093
20-01-01,Algeirs,295.31389312744136,101762.85667317707,0.005856631077282752,285.0920166015625,1.7126386789338237E-5,0.0,0.0,0.0,0.3108168502648671,0.30995781545837725,0.34042593811949096,0.28547391494115193,285.319028600057,286.2923244476318,286.2923244476318,288.9530928293864,287.37716954549154,108.82773272196452,0.0,94.58926995595297,285.8705758412679,4.389333466688791
20-02-01,Algeirs,296.0313105265299,101817.94261067708,0.006598534770697976,288.21668306986487,3.7962097299744837E-6,0.0,0.0,0.0,0.29660466536879543,0.29615686920781925,0.3396705127010743,0.28153635760148366,288.1923140207926,288.18897132873536,288.18897132873536,288.544220606486,288.1995062510172,172.49896869659423,0.0,147.74279174804687,288.5878435770671,4.52755136291186
20-03-01,Algeirs,313.2190743764241,100868.90143229166,0.007092250291801368,289.41984532674155,1.9446949992622345E-5,0.0,0.0,0.0,0.2934857482711474,0.272850048666199,0.33927775621414186,0.2622275578478972,289.41550267537434,289.3959796905517,289.3959796905517,289.44239540100097,289.39532546997066,195.44163023630776,0.0,166.1008769353231,288.6983462015788,6.115477687120437
20-04-01,Algeirs,332.90677579243976,100689.80374348958,0.008579258267612506,291.9363082885742,3.821211750315948E-5,0.0,0.0,0.0,0.3065796653429667,0.29101744418342906,0.34154118547836937,0.2539655295511087,291.7518025716146,291.0263319651286,291.0263319651286,290.0957213083903,290.45413487752273,234.45171152750652,0.0,200.86143773396807,290.62927271525064,5.538073545694352
20-05-01,Algeirs,338.1863557179769,100848.83076171874,0.008932700737689932,297.1500609079997,3.924739094903392E-6,0.0,0.0,0.0,0.2691314522176981,0.26954369172453885,0.3399861412743727,0.24734592164556185,296.75598793029786,295.29985694885255,295.29985694885255,292.5548749287923,294.0095666249593,306.7958479563395,0.0,264.2068463643391,295.03043263753256,5.440107442935308
20-06-01,Algeirs,348.4384754180908,100681.90371093748,0.010018024663440882,299.93903910319005,2.7874537617359843E-6,0.0,0.0,0.0,0.25140066146850587,0.23986036454637844,0.3374978619317214,0.23638057187199593,299.5736689249675,298.24073053995767,298.24073053995767,294.9405120849609,296.750543085734,330.7748200734456,0.0,286.26906509399413,297.00954551696776,4.976150298118592
20-07-01,Algeirs,368.26602821350093,100681.37073567709,0.011629461268118273,304.2288014729818,2.584909802057685E-7,0.0,0.0,0.0,0.23998929162820182,0.2323604956269264,0.3346474129706621,0.2317226213713487,303.8296221415202,302.2817408243815,302.2817408243815,297.64808692932127,300.24201215108235,332.99461682637525,0.0,287.67098884582515,300.9855698903401,5.058039313554763
20-08-01,Algeirs,376.47167320251464,100535.54443359375,0.012504052879133573,304.7499512990316,0.0,0.0,0.0,0.0,0.23732138561705748,0.22977763103942075,0.3326430644840002,0.22965411879122255,304.5941521962484,303.87537371317546,303.87537371317546,300.01238886515296,302.4542432149251,288.2249191284179,0.0,248.90934975941977,302.07040367126467,4.513515925407409
20-09-01,Algeirs,361.53094075520835,100897.998828125,0.01166880848662307,299.60942014058435,5.444112910405844E-6,0.0,0.0,0.0,0.2514293887962898,0.2294450517743826,0.3320036971320709,0.22920029001931347,299.69171409606935,299.9861709594726,299.9861709594726,299.6610623677571,300.2344305674235,230.68489672342935,0.0,199.79190800984702,297.51160418192546,4.863099914789199
20-10-01,Algeirs,325.7417338053385,101003.41767578124,0.008331782983926436,294.45972824096674,1.1856773634614605E-5,0.0,0.0,0.0,0.28062601660688724,0.23483046628534796,0.3346805387487014,0.23096312992274762,294.6460014343262,295.3315550486247,295.3315550486247,297.19781049092614,296.38230056762694,185.96535460154215,0.0,164.268234316508,293.5283334096273,5.194858650366465
20-11-01,Algeirs,328.5077576955159,101362.61337890623,0.007996023054389904,291.33622258504226,2.5266104588202626E-5,0.0,0.0,0.0,0.2833391396949689,0.24711829200387,0.36558486657838024,0.23242004805554947,291.5973300933838,292.544960530599,292.544960530599,294.90519154866536,293.7013532002767,117.07609898249308,0.0,104.02398789723715,291.40283775329584,5.075648975372315
20-12-01,Algeirs,306.3025201161703,100804.32470703125,0.00703829870132419,286.8253566741943,4.6524081123304015E-5,0.0,0.0,0.0,0.3397314893702666,0.3447005276878675,0.37096652475496134,0.28686626330018045,287.1625082651774,288.4315731048584,288.4315731048584,291.85707702636716,289.8068380991618,98.89457438786825,0.0,87.60363156000773,287.55513865152994,7.364827803770702
21-01-01,Algeirs,302.041623433431,100975.85406901041,0.006522881569496045,285.690265528361,2.061981536674769E-5,0.0,0.0,0.0,0.326322910686334,0.3313432781646649,0.3683047637343407,0.3094945810735225,285.8408374786377,286.58532295227053,286.58532295227053,289.08888511657716,287.5071551005045,114.26516952514649,0.0,99.4087631225586,286.34512557983396,6.901208770275115
21-02-01,Algeirs,302.76890538533524,101136.36067708334,0.006673486872265736,288.1189557393392,1.1306024525007765E-5,0.0,0.0,0.0,0.3136323042213917,0.3178779624402523,0.3685646150261163,0.30027893632650376,288.20894114176434,288.4766363779704,288.4766363779704,288.8516911824544,288.58963940938315,157.1728044509888,0.0,134.7409418741862,288.55883700052897,7.058277787764867
21-03-01,Algeirs,304.5900227864583,101284.85797526041,0.006436224262385318,287.73211161295575,1.8583008106058208E-5,0.0,0.0,0.0,0.31340287191172445,0.31116929029424983,0.36907672298451266,0.2837776927898327,287.754468536377,287.9771053314209,287.9771053314209,288.8690724690755,288.2460669199626,203.58695373535156,0.0,172.93363265991212,287.6782625834147,4.45833721558253
21-04-01,Algeirs,324.5483278910319,100732.92330729165,0.007410130587716896,291.2795102437337,1.2483917972379762E-5,0.0,0.0,0.0,0.29062131717801093,0.27400771516064804,0.3678405396640301,0.26088800753156344,291.08889325459796,290.36507784525554,290.36507784525554,289.5117301940918,289.842836634318,237.68460013071694,0.0,203.56761341094972,290.29544105529783,5.364287064472834
21-05-01,Algeirs,339.4634718577066,100816.50986328126,0.008933799787579723,295.8003555297851,9.220053728616525E-6,0.0,0.0,0.0,0.2670793677369754,0.25047738719731566,0.36770650744438166,0.24511107789973416,295.4004946390788,293.9541615804036,293.9541615804036,291.2809855143229,292.6740776062012,302.6282850901286,0.0,260.43449719746906,293.79503720601394,4.896164542436599
21-06-01,Algeirs,368.2655943552653,100762.66093750001,0.01141989978107934,300.30702565511064,3.9731484719141005E-6,0.0,0.0,0.0,0.25602687324086826,0.23610466203341882,0.36610671579837795,0.23651128622392814,299.870558420817,298.15900802612305,298.15900802612305,293.88034909566244,296.20496355692546,286.6749910990397,0.0,248.0984031677246,297.70204582214353,4.730026974280674
21-07-01,Algeirs,375.93749872843426,100635.24677734375,0.01182001445752879,304.1002685546875,6.88223184634277E-7,0.0,0.0,0.0,0.23538942548135916,0.23082017693668602,0.3633353983362515,0.23251511057217916,303.64187825520827,301.9138852437338,301.9138852437338,296.71721331278485,299.61850573221847,307.11051648457845,0.0,265.21543121337885,301.3526925404867,4.427963900566101
21-08-01,Algeirs,384.407915242513,100580.1689453125,0.012353105074726044,305.35749168395995,3.062108713554797E-7,0.0,0.0,0.0,0.23504170284916956,0.22859125379472972,0.3614354255298774,0.23058407492935656,305.0997357686361,304.01256523132326,304.01256523132326,299.2978146870931,302.1766338348388,272.25734062194823,0.0,235.1863040924072,302.94846725463873,4.575509764750798
21-09-01,Algeirs,378.5465515136719,100775.23307291667,0.013124455953948202,301.7905598958333,1.0422051256379442E-5,0.0,0.0,0.0,0.2696310240775347,0.23086916791896023,0.36203685800234475,0.23109349720180034,301.8025513966879,301.7718299865723,301.7718299865723,300.08508555094403,301.40611559549967,212.02581475575764,0.0,183.7129202524821,300.05112228393557,4.788520109653473
21-10-01,Algeirs,334.9023206075032,101119.55016276041,0.009295693645253776,295.04065259297687,8.286450008654355E-6,0.0,0.0,0.0,0.2735830307006836,0.2406059315428138,0.36381746679544447,0.2319834105670452,295.2772664388021,296.20182037353516,296.20182037353516,298.302713394165,297.4711896260579,174.0349093119303,0.0,153.68968544006347,294.2515018463135,4.393950247764587
21-11-01,Algeirs,330.6981683095296,100664.75143229167,0.008283299615141003,288.78268814086914,7.232704031897204E-5,0.0,0.0,0.0,0.34493260942399506,0.33823007134099803,0.3695741806179285,0.2830286105473836,289.219518661499,290.79332415262854,290.79332415262854,294.7488983154297,292.585977045695,98.9937951405843,0.0,87.80119822820028,288.96732215881343,7.608772514263789
21-12-01,Algeirs,299.35566736857095,101269.98489583333,0.007033315721976881,286.6626655578613,2.694126615097048E-5,0.0,0.0,0.0,0.3478076823055744,0.3576865588625272,0.36820145982007185,0.344110514347752,286.90973434448244,287.8587045033773,287.8587045033773,290.7940453847249,289.03481140136716,112.7393609682719,0.0,99.95161825815838,287.5590414683024,6.764868619044622
22-01-01,Algeirs,280.07445297241213,101833.66526692708,0.005580522170445572,284.30652135213217,1.055829748490093E-5,0.0,0.0,0.0,0.3334213112791379,0.3447092561672131,0.36495128261546295,0.342128794019421,284.68550122578944,286.13366114298503,286.13366114298503,288.85114568074545,287.3978312174479,130.13611075083415,0.0,113.10798371632893,285.4449391682943,4.752076170841853
22-02-01,Algeirs,298.83126131693524,101620.26722005208,0.006418312212917953,286.585311126709,7.675542925274688E-6,0.0,0.0,0.0,0.2958387016008297,0.3167278293520212,0.36098818356792134,0.32125158707300827,286.60006167093917,286.74272308349606,286.74272308349606,287.6614307403565,286.96595039367674,160.7134154637655,0.0,137.80286350250245,286.9493195851644,4.921862492958704
22-03-01,Algeirs,320.24705848693844,100904.57669270832,0.006976263783872128,287.26780128479,3.750315425653147E-5,0.0,0.0,0.0,0.3430157080292702,0.3332482722898324,0.36465008730689685,0.30573722459375857,287.24939422607423,287.2747211456299,287.2747211456299,287.83032544453937,287.39832649230954,154.3967347462972,0.0,131.32238082885743,287.556733194987,5.655340313911438
22-04-01,Algeirs,318.99938761393236,100472.67379557292,0.007714365993160755,289.45137112935384,3.779479443437595E-5,0.0,0.0,0.0,0.34090340298910937,0.3467160044858853,0.3659981167564789,0.31857525172332923,289.350847752889,288.96558621724444,288.96558621724444,288.57027473449705,288.68101005554195,233.648442141215,0.0,200.03493982950846,288.9695400238037,6.458747841914494
22-05-01,Algeirs,337.3755911509196,100890.01956380207,0.009136296028736978,296.08215408325196,9.330119242652775E-6,0.0,0.0,0.0,0.29782531696061293,0.3117969077080488,0.363549446562926,0.29827517171700796,295.51246948242186,293.4601779937744,293.4601779937744,290.5097077687581,291.9121087392171,303.8142295837402,0.0,261.4820285797119,294.83450965881343,4.68894319732984
22-06-01,Algeirs,368.75704790751143,100705.62438151042,0.01085008184503143,302.26864547729497,1.7773155837138197E-6,0.0,0.0,0.0,0.2482254030803839,0.25486404287318387,0.35917715492347874,0.2554516464471817,301.68862584431963,299.4350360870361,299.4350360870361,294.2479600270589,297.060151163737,313.9480901082357,0.0,271.71797472635905,299.6493058522542,3.907994013031324
22-07-01,Algeirs,381.362793858846,100855.66669921875,0.013622162529888253,304.24133745829266,1.0665237487235875E-6,0.0,0.0,0.0,0.24054587197800475,0.2373995917538802,0.3572704579681158,0.23944795864323776,303.83398551940917,302.2627578735351,302.2627578735351,297.41542854309085,300.1865598042806,329.9114640553792,0.0,285.0031627655029,300.79255269368497,3.1103560666243233
22-08-01,Algeirs,377.66170921325687,100553.7228190104,0.012383308727294207,305.0545956929525,3.175776114971996E-7,0.0,0.0,0.0,0.23205418704698483,0.23162608332931997,0.35538883047799275,0.23381018477181595,304.8095230102539,303.84330151875815,303.84330151875815,299.7986822764079,302.3373737335205,293.51230417887365,0.0,253.50238571166992,302.50022366841637,4.572023993730546
22-09-01,Algeirs,378.28125178019206,100602.48134765624,0.01209797263921549,301.71879730224606,7.257655382394053E-6,0.0,0.0,0.0,0.25418735270698867,0.2304734974478682,0.35513809211552144,0.23232555625339352,301.79034385681155,301.924933497111,301.924933497111,300.33486709594723,301.66561698913574,212.8268637339274,0.0,184.43874905904133,299.96693522135416,4.905664078394572
22-10-01,Algeirs,353.5950536092123,101203.83763020833,0.00952582434595873,298.082634862264,1.0706157312749079E-5,0.0,0.0,0.0,0.29101227832337223,0.252539699152112,0.3596829760819674,0.23484924454241993,298.0850557963053,298.1307051340739,298.1307051340739,298.4975966135661,298.35240999857587,161.4396889368693,0.0,142.71066309611,297.70599365234375,4.2082709292570755
22-11-01,Algeirs,326.3118138631185,101120.26123046875,0.00844326075166464,292.35804710388186,2.3392086632156864E-5,0.0,0.0,0.0,0.28942931530376276,0.28024774553875126,0.3600036156674226,0.2351478092993299,292.73420969645184,294.0977670033772,294.0977670033772,296.7401340484619,295.5477415720622,129.75231552124023,0.0,115.23249270121258,292.38674240112306,6.463187764088313
22-12-01,Algeirs,316.1007527669271,100966.21604817707,0.007469733080749089,289.6556936899821,1.7539641256310767E-5,0.0,0.0,0.0,0.31061214072008925,0.3195008696367343,0.3626385245472193,0.24314193967729808,289.86992670694985,290.7219450632731,290.7219450632731,293.4097038269043,291.68922665913897,105.87701260248818,0.0,93.88077503840128,290.4002164204915,6.578423645099004
23-01-01,Algeirs,302.30251693725586,101411.95302734374,0.0062057882624988745,285.7242654164632,4.407114067059108E-5,0.0,0.0,0.0,0.29795625420908134,0.29953389863173163,0.33397340228160227,0.251021787400047,286.1623231252035,287.7443909962972,287.7443909962972,290.96252644856776,289.20782025655114,102.58465382258096,0.0,89.23550504048664,286.07752723693847,5.742188284794489
23-02-01,Algeirs,294.70334561665857,101604.90045572916,0.005692321793564286,286.1346954345703,2.1628940445831782E-5,0.0,0.0,0.0,0.3107132874429226,0.3113366302102804,0.33493535568316773,0.2912105356653531,286.2275182088216,286.62901535034183,286.62901535034183,288.2271105448405,287.06037254333495,153.16766796112063,0.0,131.22455507914225,286.2046356201172,5.050769112507502
23-03-01,Algeirs,301.76744956970214,101043.03063151041,0.00655308027829354,289.19399375915526,5.082688032113462E-6,0.0,0.0,0.0,0.30717646703124046,0.3148526724427938,0.3621315779785315,0.295599144573013,289.00567423502605,288.52086181640624,288.52086181640624,288.45506884257,288.2995483398438,224.3424528121948,0.0,190.7476993560791,289.2743659973144,5.54151755174001
23-04-01,Algeirs,308.2552556355794,100800.34928385416,0.006681638422499721,292.7652735392253,4.059881367387182E-6,0.0,0.0,0.0,0.25488518103957175,0.25823796751598516,0.3589490827172994,0.256372086579601,292.41440404256184,291.20362993876137,291.20362993876137,289.88838386535645,290.41987342834466,285.10653813680017,0.0,244.0791737874349,292.0362105051676,5.190020777781803
23-05-01,Algeirs,338.9303511301676,100691.70491536458,0.009164346680821231,294.6729317982992,2.9118174082517117E-5,0.0,0.0,0.0,0.28017799941202,0.24658130152771868,0.3595398376385371,0.23827644102275372,294.529744720459,293.8427496592204,293.8427496592204,291.8622657775879,293.03722826639813,275.9726154327393,0.0,237.50160630544025,292.7484339396159,4.989329832792282
23-06-01,Algeirs,364.21164258321124,100599.03593750001,0.011671730511200927,300.287312189738,7.801868211269417E-6,0.0,0.0,0.0,0.28638288713991644,0.2848878178745508,0.36320369628568494,0.238152449640135,299.72166112263994,297.6747212727864,297.6747212727864,293.5084653218587,295.7462244669597,304.28307253519694,0.0,263.4143531799316,297.751987584432,4.319950719674428
23-07-01,Algeirs,392.2923562367757,100643.03440755208,0.012817735093024868,307.40611305236814,1.5296023552953858E-7,0.0,0.0,0.0,0.2378624095271031,0.24889513881256184,0.35850820926328497,0.23364927327881255,306.8468265533447,304.64649264017737,304.64649264017737,297.6298135121663,301.7540925343832,313.8859359741211,0.0,271.1738536834717,304.3173194885254,4.400708291927973
23-08-01,Algeirs,371.85517857869473,100674.54163411458,0.012588335282634944,304.7398943583171,6.899379183522568E-7,0.0,0.0,0.0,0.23330004705737037,0.23697027650972208,0.3558304493625959,0.2311236693213383,304.60785865783686,304.0077387491862,304.0077387491862,300.43246943155924,302.85822550455725,305.95595308939613,0.0,264.26512578328453,302.076611328125,4.265877590576808
23-09-01,Algeirs,373.0791978200277,100754.81337890624,0.01273192830849439,301.07252260843916,1.0681962620158931E-5,0.0,0.0,0.0,0.2744045940538248,0.2369910412778457,0.35692014681796236,0.23186473728468018,301.11627705891925,301.23493143717445,301.23493143717445,300.3418534596761,301.23144149780273,220.82782897949218,0.0,191.3767532348633,299.188529586792,4.630226018031439
23-10-01,Algeirs,349.2731779734293,100845.63639322916,0.010342486652856073,298.2511540730794,4.960368933855837E-6,0.0,0.0,0.0,0.2543382320553064,0.23871349928279717,0.3573479678481817,0.23175745637466508,298.33143653869627,298.6399410247803,298.6399410247803,298.86180775960287,298.9448089599609,190.13790346781414,0.0,167.91590747833254,297.09362525939946,5.709820246696473
