id_reg_nat,time,temperature_2m_mean (°C),precipitation_sum (mm),wind_speed_10m_max (km/h),wind_direction_10m_dominant (°),et0_fao_evapotranspiration (mm),id_area
1098,2020-11-19,13.9,0.0,10.0,319,1.78,2
1099,2020-11-20,13.5,8.0,18.7,54,0.81,2
1100,2020-11-21,14.7,1.3,22.1,15,2.79,2
1101,2020-11-22,14.3,1.2,18.1,26,1.94,2
1102,2020-11-23,12.9,0.0,10.8,264,1.68,2
1103,2020-11-24,11.7,0.0,12.3,88,1.76,2
1104,2020-11-25,12.4,0.0,13.4,87,1.95,2
1105,2020-11-26,16.5,0.0,17.3,162,2.78,2
1106,2020-11-27,15.4,0.6,17.7,93,1.49,2
1107,2020-11-28,12.8,18.2,35.5,262,0.75,2
1108,2020-11-29,14.6,8.0,25.3,268,1.28,2
1109,2020-11-30,14.3,0.0,16.8,68,1.6,2
1110,2020-12-01,13.2,0.0,9.9,275,1.54,2
1111,2020-12-02,12.5,15.3,19.3,271,0.65,2
1112,2020-12-03,10.3,0.8,8.9,212,1.5,2
1113,2020-12-04,14.2,2.0,32.6,230,2.49,2
1114,2020-12-05,9.9,14.5,27.9,249,1.59,2
1115,2020-12-06,10.2,0.4,29.0,245,2.24,2
1116,2020-12-07,12.8,1.3,30.9,236,2.65,2
1117,2020-12-08,13.3,10.5,37.4,257,1.85,2
1118,2020-12-09,10.8,7.8,28.3,257,1.77,2
1119,2020-12-10,13.3,9.1,29.9,249,1.65,2
1120,2020-12-11,16.1,11.5,33.5,258,1.11,2
1121,2020-12-12,15.6,3.1,30.6,272,1.79,2
1122,2020-12-13,13.3,0.4,17.8,246,1.4,2
1123,2020-12-14,14.4,0.0,13.9,280,1.55,2
1124,2020-12-15,14.6,0.0,11.0,238,1.54,2
1125,2020-12-16,15.9,0.0,19.1,143,2.06,2
1126,2020-12-17,14.5,0.0,8.7,269,1.53,2
1127,2020-12-18,13.6,0.5,8.6,256,0.94,2
1128,2020-12-19,13.0,1.1,11.0,255,1.06,2
1129,2020-12-20,12.5,3.3,11.6,266,0.85,2
1130,2020-12-21,12.3,1.4,10.0,256,1.11,2
1131,2020-12-22,10.5,0.0,9.0,123,1.4,2
1132,2020-12-23,11.7,0.0,8.9,243,1.55,2
1133,2020-12-24,11.5,0.0,8.4,259,1.49,2
1134,2020-12-25,11.5,2.8,18.6,299,1.22,2
1135,2020-12-26,9.7,0.6,22.1,327,1.93,2
1136,2020-12-27,8.1,0.0,14.4,226,1.7,2
1137,2020-12-28,12.8,8.5,37.4,246,2.83,2
1138,2020-12-29,11.3,2.4,21.0,246,1.37,2
1139,2020-12-30,9.6,2.2,28.5,249,1.63,2
1140,2020-12-31,8.8,0.0,15.1,230,1.77,2
1141,2021-01-01,9.2,2.7,32.5,234,1.46,2
1142,2021-01-02,7.5,0.8,28.1,244,1.43,2
1143,2021-01-03,7.8,0.1,31.1,244,2.17,2
1144,2021-01-04,8.2,0.0,24.2,239,1.72,2
1145,2021-01-05,8.1,0.2,13.8,224,0.82,2
1146,2021-01-06,8.7,2.6,15.5,106,0.82,2
1147,2021-01-07,11.6,0.1,22.5,61,1.37,2
1148,2021-01-08,12.6,2.2,21.4,63,0.93,2
1149,2021-01-09,12.8,2.8,27.0,258,1.42,2
1150,2021-01-10,9.6,1.1,14.2,248,1.23,2
1151,2021-01-11,8.8,1.8,15.1,265,1.0,2
1152,2021-01-12,8.6,3.8,14.1,250,0.93,2
1153,2021-01-13,9.5,0.0,15.9,240,1.43,2
1154,2021-01-14,10.0,0.1,18.7,245,1.36,2
1155,2021-01-15,11.0,0.0,16.8,262,1.51,2
1156,2021-01-16,9.7,0.9,18.3,337,1.19,2
1157,2021-01-17,8.6,0.0,16.7,248,1.79,2
1158,2021-01-18,9.8,0.0,10.3,227,1.66,2
1159,2021-01-19,9.1,0.0,9.5,355,1.58,2
1160,2021-01-20,12.0,0.0,13.2,230,2.26,2
1161,2021-01-21,13.8,0.3,24.2,242,2.34,2
1162,2021-01-22,15.6,0.8,43.1,254,3.55,2
1163,2021-01-23,13.5,1.4,34.0,260,2.36,2
1164,2021-01-24,15.2,0.7,34.0,256,2.8,2
1165,2021-01-25,15.2,0.3,25.7,255,2.36,2
1166,2021-01-26,13.0,9.2,25.9,38,1.65,2
1167,2021-01-27,14.5,0.9,17.9,258,1.68,2
1168,2021-01-28,15.5,0.0,15.5,256,2.21,2
1169,2021-01-29,15.8,0.0,17.6,260,2.57,2
1170,2021-01-30,17.1,0.1,36.1,263,3.37,2
1171,2021-01-31,14.8,2.4,33.8,270,3.0,2
1172,2021-02-01,16.2,0.4,36.4,266,2.91,2
1173,2021-02-02,14.9,0.0,17.3,259,2.48,2
1174,2021-02-03,13.5,0.0,12.5,6,2.33,2
1175,2021-02-04,16.1,0.0,22.9,350,3.14,2
1176,2021-02-05,20.1,0.0,28.7,141,5.09,2
1177,2021-02-06,16.2,5.4,24.2,277,3.16,2
1178,2021-02-07,12.7,1.4,33.3,253,2.11,2
1179,2021-02-08,14.7,0.7,33.4,237,3.3,2
1180,2021-02-09,15.3,0.0,29.0,243,3.09,2
1181,2021-02-10,16.6,0.4,37.9,259,3.28,2
1182,2021-02-11,15.1,0.1,17.2,261,2.39,2
1183,2021-02-12,15.2,0.1,25.8,265,2.53,2
1184,2021-02-13,13.9,1.8,17.9,290,2.09,2
1185,2021-02-14,11.2,0.8,24.0,69,1.71,2
1186,2021-02-15,9.8,0.0,19.2,78,2.25,2
1187,2021-02-16,11.0,0.0,9.1,46,2.42,2
1188,2021-02-17,12.1,0.0,10.0,24,2.54,2
1189,2021-02-18,14.4,0.0,13.1,257,3.36,2
1190,2021-02-19,11.4,0.0,12.1,36,2.34,2
1191,2021-02-20,15.8,0.0,28.3,134,3.72,2
1192,2021-02-21,20.1,0.0,40.9,170,6.83,2
1193,2021-02-22,12.1,7.4,27.0,236,0.8,2
1194,2021-02-23,12.4,8.8,16.6,55,1.09,2
1195,2021-02-24,13.2,0.1,14.0,58,2.35,2
1196,2021-02-25,13.0,0.0,17.8,54,2.27,2
1197,2021-02-26,12.6,0.0,16.6,53,2.32,2
1198,2021-02-27,12.7,0.0,18.8,65,1.9,2
1199,2021-02-28,13.2,0.0,23.3,61,2.53,2
1200,2021-03-01,15.1,0.0,22.5,59,3.17,2
1201,2021-03-02,15.6,0.0,14.7,55,2.35,2
1202,2021-03-03,14.2,0.5,11.7,258,1.69,2
1203,2021-03-04,13.5,1.3,12.5,39,2.35,2
1204,2021-03-05,13.2,0.0,16.3,60,2.42,2
1205,2021-03-06,13.3,0.2,19.9,54,2.23,2
1206,2021-03-07,14.2,4.7,10.7,65,2.09,2
1207,2021-03-08,13.4,4.4,26.7,266,2.12,2
1208,2021-03-09,11.9,7.9,13.4,302,1.69,2
1209,2021-03-10,11.6,0.0,13.5,61,2.44,2
1210,2021-03-11,11.3,0.0,10.7,250,3.08,2
1211,2021-03-12,12.5,0.0,17.2,262,3.46,2
1212,2021-03-13,13.4,0.0,13.5,40,2.5,2
1213,2021-03-14,12.3,1.0,21.1,283,2.62,2
1214,2021-03-15,12.5,0.0,15.1,43,2.93,2
1215,2021-03-16,12.1,0.0,24.9,72,2.89,2
1216,2021-03-17,11.9,0.0,18.2,77,3.02,2
1217,2021-03-18,12.6,0.0,33.7,66,3.12,2
1218,2021-03-19,11.8,2.1,23.3,65,2.75,2
1219,2021-03-20,10.2,9.8,27.3,9,2.03,2
1220,2021-03-21,10.3,6.1,24.0,16,2.44,2
1221,2021-03-22,10.3,4.6,17.3,288,2.05,2
1222,2021-03-23,11.3,0.0,15.7,90,3.19,2
1223,2021-03-24,12.4,0.0,12.3,335,3.41,2
1224,2021-03-25,13.1,0.0,12.1,25,3.52,2
1225,2021-03-26,15.0,0.0,11.5,12,3.94,2
1226,2021-03-27,15.1,0.0,17.6,9,3.59,2
1227,2021-03-28,15.6,0.0,16.1,30,3.64,2
1228,2021-03-29,17.6,0.0,17.4,55,4.39,2
1229,2021-03-30,17.9,0.0,12.1,51,3.16,2
1230,2021-03-31,16.4,0.0,16.0,40,3.73,2
1231,2021-04-01,18.8,0.0,14.3,31,4.54,2
1232,2021-04-02,16.7,1.3,28.1,271,3.64,2
1233,2021-04-03,15.7,0.0,16.5,283,3.71,2
1234,2021-04-04,14.2,4.7,18.1,355,2.69,2
1235,2021-04-05,13.5,3.4,13.0,335,2.41,2
1236,2021-04-06,14.8,0.0,11.5,268,4.21,2
1237,2021-04-07,13.8,0.0,36.2,63,2.88,2
1238,2021-04-08,13.0,0.2,22.7,69,3.14,2
1239,2021-04-09,16.9,0.4,16.1,65,4.18,2
1240,2021-04-10,18.4,1.8,31.8,165,3.62,2
1241,2021-04-11,15.8,0.0,17.5,294,2.98,2
1242,2021-04-12,14.6,1.0,23.2,22,2.79,2
1243,2021-04-13,14.5,0.3,23.3,60,3.5,2
1244,2021-04-14,14.2,2.7,21.3,60,1.45,2
1245,2021-04-15,14.2,14.5,38.2,59,1.68,2
1246,2021-04-16,12.9,16.4,30.7,45,1.52,2
1247,2021-04-17,11.4,6.6,9.7,325,2.75,2
1248,2021-04-18,11.5,0.4,13.8,61,3.48,2
1249,2021-04-19,12.9,0.0,10.4,71,3.86,2
1250,2021-04-20,15.4,0.0,11.4,329,4.21,2
1251,2021-04-21,16.0,0.0,17.0,278,3.46,2
1252,2021-04-22,15.4,2.2,11.5,304,2.02,2
1253,2021-04-23,14.9,0.9,18.6,48,3.24,2
1254,2021-04-24,15.7,0.0,21.9,55,3.7,2
1255,2021-04-25,23.1,0.0,28.4,115,6.21,2
1256,2021-04-26,18.3,0.0,27.8,286,3.95,2
1257,2021-04-27,17.6,0.6,19.7,266,3.56,2
1258,2021-04-28,17.2,0.3,20.2,282,4.14,2
1259,2021-04-29,17.7,0.8,20.5,282,4.47,2
1260,2021-04-30,16.7,0.4,14.1,341,3.56,2
1261,2021-05-01,16.6,0.4,31.8,266,3.78,2
1262,2021-05-02,16.1,1.6,18.8,56,3.72,2
1263,2021-05-03,16.8,1.6,29.1,58,3.06,2
1264,2021-05-04,17.1,3.7,16.4,21,2.48,2
1265,2021-05-05,17.2,0.8,15.5,40,3.02,2
1266,2021-05-06,16.6,0.1,16.2,42,2.75,2
1267,2021-05-07,18.7,0.0,11.0,335,5.07,2
1268,2021-05-08,21.1,0.0,20.9,60,5.67,2
1269,2021-05-09,25.7,0.0,26.9,193,7.33,2
1270,2021-05-10,19.5,2.5,26.4,293,4.17,2
1271,2021-05-11,17.7,0.5,30.4,267,5.01,2
1272,2021-05-12,16.9,0.0,17.1,281,5.02,2
1273,2021-05-13,18.5,0.0,22.2,277,5.25,2
1274,2021-05-14,18.3,0.0,28.4,308,4.88,2
1275,2021-05-15,19.9,0.0,12.4,23,5.32,2
1276,2021-05-16,23.1,0.0,15.9,280,6.38,2
1277,2021-05-17,20.4,0.0,21.2,36,4.94,2
1278,2021-05-18,19.1,0.0,15.5,43,4.54,2
1279,2021-05-19,18.9,0.0,21.4,44,4.55,2
1280,2021-05-20,18.2,0.0,26.6,62,4.81,2
1281,2021-05-21,20.4,0.0,12.3,19,5.37,2
1282,2021-05-22,20.8,0.0,14.8,17,5.16,2
1283,2021-05-23,19.6,1.5,23.1,33,3.66,2
1284,2021-05-24,18.7,1.2,24.5,282,4.66,2
1285,2021-05-25,17.9,0.1,28.5,57,4.25,2
1286,2021-05-26,18.8,0.7,24.2,56,3.81,2
1287,2021-05-27,19.0,0.5,26.1,55,3.36,2
1288,2021-05-28,18.8,0.0,22.0,318,2.72,2
1289,2021-05-29,18.7,0.0,14.1,29,4.37,2
1290,2021-05-30,18.8,0.0,18.2,45,4.39,2
1291,2021-05-31,21.7,0.0,13.8,8,3.61,2
1292,2021-06-01,24.3,0.0,17.4,317,4.12,2
1293,2021-06-02,20.9,0.0,16.8,9,5.08,2
1294,2021-06-03,20.7,0.0,19.8,42,4.37,2
1295,2021-06-04,21.0,3.3,24.8,270,3.04,2
1296,2021-06-05,20.9,2.1,23.1,33,3.55,2
1297,2021-06-06,20.2,6.6,14.3,355,3.02,2
1298,2021-06-07,19.8,0.0,17.9,47,4.71,2
1299,2021-06-08,20.9,0.0,21.1,40,5.05,2
1300,2021-06-09,21.7,0.0,18.1,39,5.7,2
1301,2021-06-10,22.6,0.0,24.9,48,6.31,2
1302,2021-06-11,22.8,0.0,26.3,50,6.35,2
1303,2021-06-12,22.3,0.0,27.2,52,5.75,2
1304,2021-06-13,21.5,0.0,20.2,43,4.94,2
1305,2021-06-14,22.9,0.0,21.7,40,6.04,2
1306,2021-06-15,24.6,0.0,29.0,50,6.55,2
1307,2021-06-16,23.3,0.0,20.3,303,5.68,2
1308,2021-06-17,22.8,0.0,30.3,295,4.71,2
1309,2021-06-18,22.1,0.0,17.9,26,4.72,2
1310,2021-06-19,22.5,0.0,23.1,292,4.63,2
1311,2021-06-20,22.4,0.0,22.1,269,4.78,2
1312,2021-06-21,22.4,0.0,14.5,317,5.56,2
1313,2021-06-22,22.0,0.0,17.2,296,5.37,2
1314,2021-06-23,21.6,0.0,15.5,317,4.98,2
1315,2021-06-24,21.8,0.0,25.4,51,4.82,2
1316,2021-06-25,22.6,0.1,26.9,54,4.46,2
1317,2021-06-26,21.9,0.2,19.3,40,3.81,2
1318,2021-06-27,22.1,0.0,13.4,5,5.04,2
1319,2021-06-28,23.1,0.0,16.3,357,5.17,2
1320,2021-06-29,23.0,0.0,15.7,355,5.3,2
1321,2021-06-30,22.8,0.3,21.2,51,4.7,2
1322,2021-07-01,22.4,0.0,18.0,35,5.16,2
1323,2021-07-02,23.3,0.0,18.2,301,5.17,2
1324,2021-07-03,24.4,0.0,11.6,3,5.48,2
1325,2021-07-04,25.8,0.0,21.8,285,6.39,2
1326,2021-07-05,24.8,0.0,14.2,32,5.97,2
1327,2021-07-06,27.2,0.0,17.9,280,6.72,2
1328,2021-07-07,25.4,0.0,18.6,308,4.82,2
1329,2021-07-08,24.0,0.7,23.4,39,3.46,2
1330,2021-07-09,24.2,0.4,28.1,57,4.75,2
1331,2021-07-10,24.0,0.0,19.1,47,5.09,2
1332,2021-07-11,26.3,0.0,13.2,20,6.13,2
1333,2021-07-12,28.3,0.0,24.4,268,6.02,2
1334,2021-07-13,24.0,1.5,35.3,356,4.51,2
1335,2021-07-14,22.4,0.0,19.6,45,5.42,2
1336,2021-07-15,22.9,0.0,27.3,56,4.55,2
1337,2021-07-16,22.9,0.0,21.6,57,5.01,2
1338,2021-07-17,23.8,0.0,22.3,49,6.06,2
1339,2021-07-18,24.0,0.0,19.7,41,5.66,2
1340,2021-07-19,23.7,0.0,17.8,35,5.36,2
1341,2021-07-20,23.7,0.0,17.3,44,5.32,2
1342,2021-07-21,26.2,0.0,20.9,41,6.7,2
1343,2021-07-22,26.8,0.0,19.1,37,6.78,2
1344,2021-07-23,27.1,0.0,13.7,303,6.32,2
1345,2021-07-24,30.0,0.0,22.6,287,7.03,2
1346,2021-07-25,26.8,0.0,17.7,277,4.48,2
1347,2021-07-26,25.5,0.0,20.8,295,4.12,2
1348,2021-07-27,24.9,0.0,16.6,23,4.99,2
1349,2021-07-28,25.0,0.0,18.4,46,4.56,2
1350,2021-07-29,25.6,0.0,16.4,54,4.51,2
1351,2021-07-30,27.1,0.0,14.9,3,5.18,2
1352,2021-07-31,28.2,0.0,20.0,293,5.06,2
1353,2021-08-01,25.4,0.1,26.8,315,4.65,2
1354,2021-08-02,24.8,0.0,26.4,54,4.31,2
1355,2021-08-03,25.0,0.7,20.4,44,2.83,2
1356,2021-08-04,24.9,0.4,15.8,333,4.58,2
1357,2021-08-05,25.1,0.0,16.5,43,5.25,2
1358,2021-08-06,26.2,0.0,14.6,334,5.98,2
1359,2021-08-07,27.4,0.0,19.5,288,6.15,2
1360,2021-08-08,25.7,0.0,15.6,16,4.69,2
1361,2021-08-09,25.6,0.0,19.1,60,4.65,2
1362,2021-08-10,26.7,0.0,23.4,340,4.05,2
1363,2021-08-11,28.3,0.0,19.0,13,6.19,2
1364,2021-08-12,30.9,0.0,15.3,317,6.83,2
1365,2021-08-13,28.7,0.0,16.1,32,6.28,2
1366,2021-08-14,26.9,0.0,16.1,35,5.43,2
1367,2021-08-15,28.9,0.0,17.9,356,6.07,2
1368,2021-08-16,27.9,0.0,21.1,12,5.7,2
1369,2021-08-17,26.1,0.3,27.6,56,4.68,2
1370,2021-08-18,25.2,0.1,25.8,62,5.11,2
1371,2021-08-19,25.1,0.0,20.3,51,4.61,2
1372,2021-08-20,25.2,0.0,21.1,54,4.37,2
1373,2021-08-21,25.5,0.0,19.6,41,5.26,2
1374,2021-08-22,27.0,0.0,16.2,35,5.83,2
1375,2021-08-23,26.2,0.0,22.9,42,5.14,2
1376,2021-08-24,25.1,0.0,22.6,54,3.89,2
1377,2021-08-25,24.9,0.1,20.2,44,3.66,2
1378,2021-08-26,24.8,0.4,18.2,50,4.13,2
1379,2021-08-27,24.8,0.0,14.7,14,4.98,2
1380,2021-08-28,26.1,0.0,22.0,276,5.43,2
1381,2021-08-29,24.8,0.0,15.8,345,4.89,2
1382,2021-08-30,24.8,0.0,14.8,358,4.68,2
1383,2021-08-31,25.2,0.1,21.6,47,3.81,2
1384,2021-09-01,28.7,0.0,27.5,275,6.14,2
1385,2021-09-02,26.8,0.0,20.8,286,4.74,2
1386,2021-09-03,24.7,6.0,17.9,29,3.46,2
1387,2021-09-04,24.0,0.0,16.5,42,4.37,2
1388,2021-09-05,24.4,0.0,21.8,54,4.45,2
1389,2021-09-06,24.2,0.0,19.5,51,4.34,2
1390,2021-09-07,25.9,0.0,22.4,52,5.64,2
1391,2021-09-08,26.7,0.0,20.6,272,5.09,2
1392,2021-09-09,25.2,0.0,27.9,273,5.25,2
1393,2021-09-10,25.1,0.0,21.7,278,5.0,2
1394,2021-09-11,24.3,0.0,17.7,46,4.33,2
1395,2021-09-12,24.9,0.0,19.6,47,4.88,2
1396,2021-09-13,25.2,0.0,18.9,48,4.36,2
1397,2021-09-14,31.6,0.0,33.4,146,7.53,2
1398,2021-09-15,27.8,0.0,22.7,42,5.18,2
1399,2021-09-16,24.7,2.1,23.5,36,3.39,2
1400,2021-09-17,24.1,1.2,18.5,42,2.68,2
1401,2021-09-18,23.4,0.4,16.0,14,3.28,2
1402,2021-09-19,23.4,0.0,14.8,27,3.91,2
1403,2021-09-20,23.7,1.2,22.6,55,3.36,2
1404,2021-09-21,22.9,4.3,21.5,52,2.29,2
1405,2021-09-22,23.2,6.8,19.9,61,3.74,2
1406,2021-09-23,26.0,0.0,21.4,43,4.17,2
1407,2021-09-24,25.7,0.0,15.4,317,4.31,2
1408,2021-09-25,24.2,0.0,12.3,283,3.16,2
1409,2021-09-26,23.8,0.0,15.3,298,2.8,2
1410,2021-09-27,22.7,0.0,13.0,357,3.46,2
1411,2021-09-28,22.0,0.0,16.1,56,3.73,2
1412,2021-09-29,21.9,0.0,14.0,44,3.62,2
1413,2021-09-30,21.9,0.0,25.7,64,3.89,2
1414,2021-10-01,21.8,0.0,19.9,52,3.55,2
1415,2021-10-02,22.1,0.0,15.4,58,3.62,2
1416,2021-10-03,22.4,0.0,16.6,287,3.91,2
1417,2021-10-04,21.7,0.0,30.0,262,4.34,2
1418,2021-10-05,20.0,0.0,15.0,269,4.11,2
1419,2021-10-06,20.3,0.0,14.1,41,3.41,2
1420,2021-10-07,20.4,0.3,14.3,65,3.49,2
1421,2021-10-08,19.5,0.0,21.2,74,3.91,2
1422,2021-10-09,19.3,0.1,19.2,62,3.37,2
1423,2021-10-10,19.5,0.2,19.0,75,3.39,2
1424,2021-10-11,20.0,0.0,25.8,66,4.08,2
1425,2021-10-12,19.1,0.0,16.2,71,2.94,2
1426,2021-10-13,18.4,0.9,17.2,56,3.1,2
1427,2021-10-14,18.7,0.8,21.0,47,3.1,2
1428,2021-10-15,17.9,0.0,16.7,84,3.21,2
1429,2021-10-16,18.4,0.0,11.3,299,3.11,2
1430,2021-10-17,20.3,0.0,11.5,54,1.89,2
1431,2021-10-18,19.8,0.0,22.5,59,3.25,2
1432,2021-10-19,18.5,0.0,21.5,59,3.55,2
1433,2021-10-20,20.8,0.0,15.3,120,3.84,2
1434,2021-10-21,21.3,0.0,14.8,247,3.88,2
1435,2021-10-22,18.5,0.0,18.9,31,2.84,2
1436,2021-10-23,17.5,13.8,17.1,352,1.82,2
1437,2021-10-24,17.2,1.1,13.8,267,2.52,2
1438,2021-10-25,17.1,0.6,11.8,307,2.33,2
1439,2021-10-26,17.7,0.0,21.3,68,2.32,2
1440,2021-10-27,18.1,0.0,18.6,71,2.88,2
1441,2021-10-28,16.4,0.0,14.1,71,2.33,2
1442,2021-10-29,16.9,0.0,11.2,276,2.51,2
1443,2021-10-30,20.1,0.0,18.0,260,3.19,2
1444,2021-10-31,22.9,0.0,29.6,258,4.96,2
1445,2021-11-01,23.0,0.0,36.5,257,4.37,2
1446,2021-11-02,20.0,3.6,21.3,267,2.13,2
1447,2021-11-03,17.3,29.6,32.4,254,1.18,2
1448,2021-11-04,14.2,4.0,14.5,252,1.87,2
1449,2021-11-05,11.8,9.3,24.1,262,1.45,2
1450,2021-11-06,11.2,31.6,27.3,227,1.18,2
1451,2021-11-07,13.5,27.8,35.8,315,1.2,2
1452,2021-11-08,12.7,3.7,20.3,242,1.29,2
1453,2021-11-09,12.4,21.8,25.3,254,0.57,2
1454,2021-11-10,13.7,11.1,34.3,243,1.27,2
1455,2021-11-11,14.6,2.1,16.8,246,1.96,2
1456,2021-11-12,14.2,7.5,32.3,243,1.7,2
1457,2021-11-13,14.6,8.0,19.3,255,1.28,2
1458,2021-11-14,14.2,2.1,12.5,248,1.17,2
1459,2021-11-15,12.7,26.7,21.8,267,0.94,2
1460,2021-11-16,13.8,22.2,24.5,294,1.36,2
1461,2021-11-17,13.7,16.3,15.9,346,0.79,2
1462,2021-11-18,14.2,2.4,16.1,79,1.48,2
1463,2021-11-19,13.1,0.0,17.7,72,1.66,2
1464,2021-11-20,15.8,0.3,10.8,138,1.61,2
1465,2021-11-21,14.7,2.7,22.9,247,1.85,2
1466,2021-11-22,13.1,0.8,15.5,258,1.24,2
1467,2021-11-23,13.5,0.3,10.0,200,1.81,2
1468,2021-11-24,12.9,8.0,20.2,235,1.63,2
1469,2021-11-25,12.3,0.1,25.3,241,2.09,2
1470,2021-11-26,11.7,2.6,20.9,245,1.33,2
1471,2021-11-27,11.5,3.2,27.6,240,1.89,2
1472,2021-11-28,8.8,15.6,28.1,253,1.28,2
1473,2021-11-29,13.2,2.0,38.2,262,2.48,2
1474,2021-11-30,12.6,0.8,16.8,247,1.54,2
1475,2021-12-01,11.4,0.0,14.6,232,1.72,2
1476,2021-12-02,11.1,18.6,23.0,249,0.99,2
1477,2021-12-03,9.7,9.2,23.7,288,1.23,2
1478,2021-12-04,11.3,0.0,18.0,238,2.17,2
1479,2021-12-05,12.3,3.1,28.6,266,2.09,2
1480,2021-12-06,12.4,1.1,30.6,297,2.93,2
1481,2021-12-07,12.8,0.0,15.5,238,2.03,2
1482,2021-12-08,14.2,8.8,30.9,245,2.53,2
1483,2021-12-09,13.1,0.1,32.7,279,3.25,2
1484,2021-12-10,14.3,0.0,30.9,249,2.57,2
1485,2021-12-11,13.2,2.8,29.6,282,1.25,2
1486,2021-12-12,11.4,0.2,12.6,98,1.38,2
1487,2021-12-13,10.3,0.0,18.3,73,1.48,2
1488,2021-12-14,8.2,0.0,10.8,52,1.36,2
1489,2021-12-15,9.9,0.0,15.3,73,1.29,2
1490,2021-12-16,9.7,0.0,17.1,71,1.47,2
1491,2021-12-17,9.7,0.0,13.2,65,1.42,2
1492,2021-12-18,11.2,0.5,15.8,59,1.36,2
1493,2021-12-19,10.6,0.0,12.2,73,1.27,2
1494,2021-12-20,10.5,0.0,10.3,255,1.29,2
1495,2021-12-21,12.0,0.0,9.2,232,1.44,2
1496,2021-12-22,12.7,0.0,17.4,263,1.49,2
1497,2021-12-23,12.0,0.0,9.2,196,1.34,2
1498,2021-12-24,13.7,0.0,10.1,213,1.69,2
1499,2021-12-25,14.7,0.0,16.4,239,1.82,2
1500,2021-12-26,15.7,0.0,26.0,248,1.89,2
1501,2021-12-27,16.5,0.0,25.7,253,2.14,2
1502,2021-12-28,15.7,0.0,23.7,259,1.96,2
1503,2021-12-29,13.9,0.0,14.1,256,1.74,2
1504,2021-12-30,12.2,0.0,10.1,297,1.48,2
1505,2021-12-31,11.2,0.0,9.7,36,1.36,2
1506,2022-01-01,11.1,0.0,8.7,47,1.29,2
1507,2022-01-02,10.4,0.0,8.7,7,1.28,2
1508,2022-01-03,10.9,0.0,7.9,29,1.36,2
1509,2022-01-04,11.8,0.0,16.1,273,1.71,2
1510,2022-01-05,12.8,1.0,31.8,258,2.61,2
1511,2022-01-06,8.9,7.4,18.2,244,0.97,2
1512,2022-01-07,8.2,0.8,15.3,266,1.28,2
1513,2022-01-08,9.7,0.0,23.0,253,1.8,2
1514,2022-01-09,12.2,0.0,31.0,257,2.84,2
1515,2022-01-10,14.5,1.1,31.0,275,1.78,2
1516,2022-01-11,11.2,0.5,18.3,11,1.62,2
1517,2022-01-12,9.9,0.5,17.8,26,1.36,2
1518,2022-01-13,9.5,1.7,8.5,45,1.14,2
1519,2022-01-14,8.5,0.0,14.3,67,1.4,2
1520,2022-01-15,8.7,0.0,14.3,65,1.5,2
1521,2022-01-16,8.6,0.0,10.7,78,1.5,2
1522,2022-01-17,8.7,0.0,11.1,94,1.56,2
1523,2022-01-18,8.1,0.0,9.7,99,1.57,2
1524,2022-01-19,9.2,0.0,8.5,255,1.73,2
1525,2022-01-20,8.7,0.0,9.6,343,1.58,2
1526,2022-01-21,8.7,0.0,13.6,59,1.58,2
1527,2022-01-22,9.3,0.4,14.2,75,1.34,2
1528,2022-01-23,8.4,0.0,18.5,73,1.69,2
1529,2022-01-24,8.6,0.0,13.4,103,1.8,2
1530,2022-01-25,9.0,0.0,20.6,65,1.83,2
1531,2022-01-26,11.2,0.0,11.8,40,1.88,2
1532,2022-01-27,10.6,0.0,11.9,331,1.99,2
1533,2022-01-28,9.2,0.0,15.3,43,1.86,2
1534,2022-01-29,10.0,0.0,8.5,289,1.96,2
1535,2022-01-30,9.0,0.0,9.8,187,1.87,2
1536,2022-01-31,11.2,0.0,21.2,271,2.4,2
1537,2022-02-01,10.6,0.9,16.9,13,1.38,2
1538,2022-02-02,11.0,0.0,16.1,254,2.3,2
1539,2022-02-03,14.4,0.0,17.1,218,2.8,2
1540,2022-02-04,12.8,0.0,9.5,269,2.32,2
1541,2022-02-05,12.5,0.0,16.8,53,1.87,2
1542,2022-02-06,12.4,0.0,22.4,66,1.82,2
1543,2022-02-07,10.4,0.0,12.2,58,1.9,2
1544,2022-02-08,9.8,0.0,15.0,81,2.1,2
1545,2022-02-09,10.6,0.0,9.9,53,2.12,2
1546,2022-02-10,10.5,0.0,13.7,321,2.08,2
1547,2022-02-11,10.7,0.2,12.2,31,1.58,2
1548,2022-02-12,10.9,0.3,13.5,63,1.54,2
1549,2022-02-13,10.3,0.0,12.3,1,2.0,2
1550,2022-02-14,11.4,3.3,21.7,266,2.46,2
1551,2022-02-15,11.2,0.5,18.6,269,2.25,2
1552,2022-02-16,11.3,0.0,21.5,256,2.64,2
1553,2022-02-17,12.3,0.0,18.7,259,2.84,2
1554,2022-02-18,13.7,0.0,13.0,75,2.85,2
1555,2022-02-19,14.1,0.0,19.6,271,2.33,2
1556,2022-02-20,12.7,0.5,21.0,58,2.32,2
1557,2022-02-21,11.4,0.0,10.2,277,2.42,2
1558,2022-02-22,11.9,0.0,11.9,331,2.41,2
1559,2022-02-23,11.9,0.0,24.2,70,2.69,2
1560,2022-02-24,14.4,0.0,12.6,331,3.29,2
1561,2022-02-25,12.9,0.0,23.7,61,2.03,2
1562,2022-02-26,12.5,0.0,24.6,68,2.11,2
1563,2022-02-27,11.8,8.4,21.8,60,1.01,2
1564,2022-02-28,9.5,10.4,25.7,56,1.41,2
1565,2022-03-01,9.3,0.0,14.0,85,2.46,2
1566,2022-03-02,10.7,0.0,9.6,312,2.73,2
1567,2022-03-03,11.4,0.1,20.9,264,2.56,2
1568,2022-03-04,11.0,14.0,13.5,243,1.07,2
1569,2022-03-05,10.8,5.8,12.5,7,1.69,2
1570,2022-03-06,10.5,8.3,12.5,89,1.33,2
1571,2022-03-07,10.4,0.6,12.5,40,2.29,2
1572,2022-03-08,10.7,4.8,15.6,262,1.59,2
1573,2022-03-09,11.2,1.3,12.4,1,2.38,2
1574,2022-03-10,12.7,0.0,13.4,30,2.55,2
1575,2022-03-11,12.5,0.0,9.8,304,2.22,2
1576,2022-03-12,13.1,3.9,27.8,252,2.38,2
1577,2022-03-13,13.0,0.2,11.3,276,1.96,2
1578,2022-03-14,19.1,0.0,37.6,124,4.82,2
1579,2022-03-15,21.2,0.0,54.6,157,7.55,2
1580,2022-03-16,16.6,2.2,36.1,108,2.66,2
1581,2022-03-17,12.2,6.3,15.5,265,1.77,2
1582,2022-03-18,12.6,6.2,15.1,331,1.97,2
1583,2022-03-19,12.4,3.4,17.3,16,1.53,2
1584,2022-03-20,12.8,1.5,16.1,75,2.19,2
1585,2022-03-21,15.5,11.1,26.2,126,3.39,2
1586,2022-03-22,14.0,2.5,17.0,64,2.53,2
1587,2022-03-23,14.5,2.2,19.2,109,1.71,2
1588,2022-03-24,16.7,0.0,19.1,106,4.3,2
1589,2022-03-25,15.8,0.4,23.5,61,3.12,2
1590,2022-03-26,14.1,0.2,17.9,276,2.85,2
1591,2022-03-27,13.8,1.1,17.3,283,2.6,2
1592,2022-03-28,13.3,0.0,18.4,54,2.47,2
1593,2022-03-29,19.1,0.1,30.7,206,4.46,2
1594,2022-03-30,14.8,1.6,25.1,268,2.32,2
1595,2022-03-31,12.9,11.2,30.2,267,2.27,2
1596,2022-04-01,11.8,3.8,32.1,273,2.38,2
1597,2022-04-02,10.1,1.1,20.9,292,2.85,2
1598,2022-04-03,9.6,0.4,25.7,70,2.09,2
1599,2022-04-04,13.0,6.4,39.3,70,1.7,2
1600,2022-04-05,14.3,9.5,30.9,63,2.45,2
1601,2022-04-06,12.9,0.9,31.1,263,2.84,2
1602,2022-04-07,14.1,0.0,17.0,256,3.84,2
1603,2022-04-08,14.7,0.0,18.6,261,4.29,2
1604,2022-04-09,15.6,0.0,21.3,271,4.17,2
1605,2022-04-10,14.7,0.0,22.7,53,3.59,2
1606,2022-04-11,22.8,0.0,30.2,169,6.8,2
1607,2022-04-12,17.2,5.8,24.4,277,3.34,2
1608,2022-04-13,13.1,41.7,11.9,295,0.88,2
1609,2022-04-14,13.9,28.3,23.5,251,2.44,2
1610,2022-04-15,14.2,10.9,27.8,32,1.42,2
1611,2022-04-16,14.5,0.1,17.1,265,3.63,2
1612,2022-04-17,15.6,0.0,14.2,342,4.13,2
1613,2022-04-18,15.7,0.0,14.0,50,4.05,2
1614,2022-04-19,16.8,0.0,17.1,272,3.99,2
1615,2022-04-20,15.1,9.9,26.0,259,3.46,2
1616,2022-04-21,13.1,4.0,36.7,260,3.14,2
1617,2022-04-22,15.3,0.0,19.3,259,4.69,2
1618,2022-04-23,15.3,0.0,36.8,252,4.09,2
1619,2022-04-24,15.1,0.0,17.9,271,4.11,2
1620,2022-04-25,14.3,0.0,18.9,51,3.4,2
1621,2022-04-26,15.5,0.0,19.1,50,3.44,2
1622,2022-04-27,16.0,1.0,24.3,268,2.38,2
1623,2022-04-28,14.2,10.3,13.4,281,1.64,2
1624,2022-04-29,15.3,1.5,22.8,27,2.76,2
1625,2022-04-30,15.4,0.0,14.5,312,3.82,2
1626,2022-05-01,16.2,0.0,11.2,272,4.29,2
1627,2022-05-02,17.9,0.3,11.9,244,3.61,2
1628,2022-05-03,16.5,1.8,16.6,53,3.05,2
1629,2022-05-04,17.5,4.5,26.9,42,3.53,2
1630,2022-05-05,15.4,23.6,23.8,327,1.12,2
1631,2022-05-06,16.0,0.0,16.9,279,3.94,2
1632,2022-05-07,15.8,0.0,13.8,341,3.77,2
1633,2022-05-08,17.0,0.0,12.8,59,4.75,2
1634,2022-05-09,17.4,0.0,19.6,53,4.6,2
1635,2022-05-10,16.7,0.0,15.7,45,4.22,2
1636,2022-05-11,16.5,0.0,18.1,49,4.16,2
1637,2022-05-12,21.1,0.0,16.5,46,5.52,2
1638,2022-05-13,19.4,0.0,18.4,286,4.66,2
1639,2022-05-14,18.4,0.0,15.3,35,4.28,2
1640,2022-05-15,20.4,0.0,17.5,334,4.48,2
1641,2022-05-16,19.8,0.0,12.6,313,4.63,2
1642,2022-05-17,19.5,0.0,12.3,19,4.65,2
1643,2022-05-18,19.1,0.0,16.2,41,4.4,2
1644,2022-05-19,20.8,0.0,16.9,41,5.2,2
1645,2022-05-20,22.7,0.0,18.7,41,5.76,2
1646,2022-05-21,23.3,0.0,17.1,37,5.64,2
1647,2022-05-22,25.2,0.0,20.1,276,6.16,2
1648,2022-05-23,22.4,0.0,23.5,266,5.64,2
1649,2022-05-24,22.3,0.0,14.5,345,5.4,2
1650,2022-05-25,18.8,3.2,25.1,285,2.93,2
1651,2022-05-26,16.6,15.9,18.4,306,3.11,2
1652,2022-05-27,18.7,0.0,19.1,274,4.17,2
1653,2022-05-28,21.2,0.0,12.8,329,5.7,2
1654,2022-05-29,23.6,0.0,14.0,281,5.89,2
1655,2022-05-30,23.0,0.0,22.2,272,5.85,2
1656,2022-05-31,21.7,0.0,14.1,36,5.14,2
1657,2022-06-01,21.4,0.0,15.5,357,4.62,2
1658,2022-06-02,22.0,0.0,15.8,298,4.86,2
1659,2022-06-03,22.8,0.1,14.3,323,4.76,2
1660,2022-06-04,23.0,0.0,21.3,293,5.22,2
1661,2022-06-05,23.3,0.0,14.4,13,5.02,2
1662,2022-06-06,22.5,0.0,18.9,30,4.99,2
1663,2022-06-07,22.0,0.0,14.6,18,4.92,2
1664,2022-06-08,23.6,0.0,15.3,292,5.84,2
1665,2022-06-09,22.6,0.0,18.6,40,5.03,2
1666,2022-06-10,22.5,0.0,26.1,63,5.89,2
1667,2022-06-11,21.3,0.0,21.4,56,5.54,2
1668,2022-06-12,21.8,0.0,20.1,45,5.67,2
1669,2022-06-13,23.0,0.0,18.0,33,5.9,2
1670,2022-06-14,25.6,0.0,17.9,8,6.33,2
1671,2022-06-15,24.9,0.0,17.8,26,5.95,2
1672,2022-06-16,24.4,0.0,19.5,35,5.94,2
1673,2022-06-17,24.6,0.0,18.6,38,6.33,2
1674,2022-06-18,25.1,0.0,18.9,37,6.29,2
1675,2022-06-19,24.7,0.0,20.0,304,5.98,2
1676,2022-06-20,23.9,0.0,18.7,344,5.12,2
1677,2022-06-21,25.1,0.0,23.5,333,5.73,2
1678,2022-06-22,23.2,2.3,18.7,313,4.45,2
1679,2022-06-23,22.7,1.5,14.4,13,3.84,2
1680,2022-06-24,22.7,5.9,20.4,291,3.79,2
1681,2022-06-25,23.1,0.0,14.6,4,5.52,2
1682,2022-06-26,23.2,0.0,16.4,312,5.59,2
1683,2022-06-27,23.3,0.0,21.9,295,5.77,2
1684,2022-06-28,22.6,0.0,17.4,30,5.17,2
1685,2022-06-29,23.1,0.0,24.7,45,5.05,2
1686,2022-06-30,23.9,0.0,16.2,332,4.72,2
1687,2022-07-01,24.3,0.1,22.7,41,4.0,2
1688,2022-07-02,24.6,0.0,24.8,42,4.61,2
1689,2022-07-03,26.7,0.0,20.6,351,5.39,2
1690,2022-07-04,25.4,0.0,20.1,325,5.27,2
1691,2022-07-05,25.1,0.0,16.8,34,4.72,2
1692,2022-07-06,26.1,0.0,20.6,22,5.11,2
1693,2022-07-07,25.0,0.4,19.6,8,5.04,2
1694,2022-07-08,24.3,0.0,24.3,46,5.31,2
1695,2022-07-09,23.4,0.0,16.0,38,5.15,2
1696,2022-07-10,23.7,0.0,20.1,51,5.68,2
1697,2022-07-11,23.7,0.0,24.7,50,5.58,2
1698,2022-07-12,25.2,0.0,19.3,38,5.37,2
1699,2022-07-13,24.8,0.0,18.8,32,5.08,2
1700,2022-07-14,24.1,0.0,21.2,43,5.47,2
1701,2022-07-15,24.2,0.0,22.7,43,5.35,2
1702,2022-07-16,24.2,0.0,20.1,42,5.19,2
1703,2022-07-17,24.3,0.0,18.2,37,5.39,2
1704,2022-07-18,23.9,0.0,16.2,37,5.02,2
1705,2022-07-19,24.1,0.0,15.0,35,4.68,2
1706,2022-07-20,24.0,0.0,15.8,42,4.94,2
1707,2022-07-21,24.6,0.0,19.9,45,4.9,2
1708,2022-07-22,25.3,0.0,13.7,345,5.04,2
1709,2022-07-23,25.5,0.0,15.7,35,5.05,2
1710,2022-07-24,25.9,0.0,14.3,4,5.44,2
1711,2022-07-25,26.6,0.0,15.2,325,5.7,2
1712,2022-07-26,26.3,0.0,17.2,37,5.45,2
1713,2022-07-27,25.9,0.0,19.0,47,5.16,2
1714,2022-07-28,25.9,0.0,14.0,357,5.52,2
1715,2022-07-29,26.2,0.0,13.3,5,5.42,2
1716,2022-07-30,26.0,0.0,20.2,54,5.02,2
1717,2022-07-31,26.5,0.0,25.9,46,5.25,2
1718,2022-08-01,25.5,0.0,16.3,40,5.17,2
1719,2022-08-02,25.3,0.0,17.2,44,5.37,2
1720,2022-08-03,25.0,0.0,20.4,43,5.31,2
1721,2022-08-04,24.9,0.0,20.4,44,4.95,2
1722,2022-08-05,25.4,0.0,17.8,55,4.62,2
1723,2022-08-06,25.3,0.0,21.9,46,5.14,2
1724,2022-08-07,25.5,0.0,20.9,44,5.47,2
1725,2022-08-08,25.3,0.0,18.8,35,5.35,2
1726,2022-08-09,25.7,0.0,23.6,47,5.27,2
1727,2022-08-10,25.6,0.0,24.7,50,5.67,2
1728,2022-08-11,26.0,0.0,25.5,46,6.04,2
1729,2022-08-12,25.5,0.0,15.4,25,5.53,2
1730,2022-08-13,29.6,0.0,23.2,321,6.53,2
1731,2022-08-14,31.3,0.0,16.7,8,6.7,2
1732,2022-08-15,29.3,0.1,22.9,286,5.93,2
1733,2022-08-16,26.9,0.1,18.6,356,4.09,2
1734,2022-08-17,26.5,0.1,17.6,279,5.56,2
1735,2022-08-18,25.3,0.0,20.9,297,5.52,2
1736,2022-08-19,24.7,0.0,15.6,29,5.12,2
1737,2022-08-20,23.8,0.0,17.1,57,5.1,2
1738,2022-08-21,24.0,0.0,13.0,2,5.03,2
1739,2022-08-22,25.1,0.0,19.6,48,5.16,2
1740,2022-08-23,25.3,0.0,24.6,58,5.37,2
1741,2022-08-24,25.4,0.0,20.5,52,5.35,2
1742,2022-08-25,25.8,0.0,22.0,49,5.14,2
1743,2022-08-26,25.6,0.1,24.1,24,4.72,2
1744,2022-08-27,25.5,0.5,21.9,50,4.85,2
1745,2022-08-28,25.6,0.0,21.7,49,4.72,2
1746,2022-08-29,27.0,0.0,14.8,28,4.98,2
1747,2022-08-30,28.3,0.0,17.8,360,5.4,2
1748,2022-08-31,27.0,1.9,22.3,277,3.32,2
1749,2022-09-01,27.1,0.0,14.8,30,5.18,2
1750,2022-09-02,28.4,0.0,22.7,295,5.09,2
1751,2022-09-03,28.8,0.0,19.2,320,4.8,2
1752,2022-09-04,26.9,0.0,18.5,289,4.62,2
1753,2022-09-05,26.3,0.0,21.9,302,4.51,2
1754,2022-09-06,27.4,0.0,15.6,253,4.69,2
1755,2022-09-07,26.7,0.0,16.0,354,4.3,2
1756,2022-09-08,25.9,0.0,16.5,329,4.93,2
1757,2022-09-09,24.9,0.0,14.6,15,4.55,2
1758,2022-09-10,24.9,0.0,18.6,51,4.42,2
1759,2022-09-11,26.0,0.0,16.3,37,4.78,2
1760,2022-09-12,29.0,0.0,18.4,15,5.06,2
1761,2022-09-13,30.2,0.0,17.6,332,5.85,2
1762,2022-09-14,26.9,0.0,18.1,297,4.45,2
1763,2022-09-15,25.5,0.0,21.0,273,4.0,2
1764,2022-09-16,23.7,0.1,15.9,309,4.04,2
1765,2022-09-17,24.3,0.1,21.8,54,4.18,2
1766,2022-09-18,25.0,0.0,36.7,63,4.87,2
1767,2022-09-19,24.6,0.0,21.6,56,4.15,2
1768,2022-09-20,24.4,0.2,18.8,50,4.21,2
1769,2022-09-21,23.2,2.3,23.5,58,3.24,2
1770,2022-09-22,21.4,2.7,19.4,19,2.99,2
1771,2022-09-23,21.6,0.3,14.9,47,3.56,2
1772,2022-09-24,26.1,0.0,15.3,232,4.67,2
1773,2022-09-25,23.7,0.6,16.2,214,2.9,2
1774,2022-09-26,22.5,0.6,27.6,265,3.19,2
1775,2022-09-27,21.2,0.6,30.2,265,4.02,2
1776,2022-09-28,21.3,0.0,31.6,260,4.65,2
1777,2022-09-29,21.1,0.0,29.1,257,4.85,2
1778,2022-09-30,18.4,3.8,24.7,268,2.52,2
1779,2022-10-01,18.9,0.0,17.6,34,3.31,2
1780,2022-10-02,20.7,0.0,15.5,48,3.61,2
1781,2022-10-03,23.2,0.4,15.9,41,3.45,2
1782,2022-10-04,21.5,0.9,16.0,291,2.6,2
1783,2022-10-05,19.8,1.1,16.4,61,1.73,2
1784,2022-10-06,22.1,0.2,14.8,112,3.05,2
1785,2022-10-07,23.6,0.1,17.8,170,3.71,2
1786,2022-10-08,23.2,0.2,15.9,33,3.52,2
1787,2022-10-09,22.0,0.0,20.9,56,3.1,2
1788,2022-10-10,21.9,0.0,13.0,336,3.25,2
1789,2022-10-11,21.3,0.4,17.7,311,3.07,2
1790,2022-10-12,20.9,7.5,14.5,280,2.65,2
1791,2022-10-13,20.3,0.5,15.2,44,2.63,2
1792,2022-10-14,19.3,0.0,12.2,27,2.84,2
1793,2022-10-15,21.3,0.0,11.3,25,3.43,2
1794,2022-10-16,22.4,0.0,14.5,316,3.36,2
1795,2022-10-17,24.1,0.0,12.6,356,3.52,2
1796,2022-10-18,23.6,0.0,16.3,16,3.38,2
1797,2022-10-19,24.4,0.0,10.2,20,3.49,2
1798,2022-10-20,24.3,0.0,14.3,326,3.82,2
1799,2022-10-21,22.7,0.0,12.0,339,3.03,2
1800,2022-10-22,24.2,0.0,16.7,5,3.88,2
1801,2022-10-23,26.9,0.0,20.0,194,5.52,2
1802,2022-10-24,25.5,0.0,13.7,177,5.14,2
1803,2022-10-25,24.7,0.0,14.3,178,4.95,2
1804,2022-10-26,23.2,0.0,13.5,247,3.76,2
1805,2022-10-27,22.4,0.0,12.3,342,3.44,2
1806,2022-10-28,21.3,0.0,12.2,6,3.05,2
1807,2022-10-29,20.2,0.0,13.8,31,2.65,2
1808,2022-10-30,19.8,0.0,10.9,14,2.23,2
1809,2022-10-31,19.6,0.0,9.7,35,2.53,2
1810,2022-11-01,20.5,0.0,18.0,11,2.2,2
1811,2022-11-02,19.7,0.0,12.1,331,2.34,2
1812,2022-11-03,19.8,0.0,14.8,270,2.61,2
1813,2022-11-04,18.7,4.0,27.4,276,1.88,2
1814,2022-11-05,16.7,0.0,15.6,308,2.82,2
1815,2022-11-06,16.7,0.0,10.0,218,2.52,2
1816,2022-11-07,17.7,0.0,11.7,54,2.5,2
1817,2022-11-08,18.4,0.0,9.4,307,2.52,2
1818,2022-11-09,18.9,0.0,9.8,281,2.1,2
1819,2022-11-10,17.9,1.9,16.4,268,1.87,2
1820,2022-11-11,18.6,0.0,17.5,84,2.64,2
1821,2022-11-12,19.3,0.0,13.7,71,2.59,2
1822,2022-11-13,17.9,0.0,14.0,40,2.23,2
1823,2022-11-14,17.3,0.0,14.5,262,2.34,2
1824,2022-11-15,18.3,0.0,21.8,254,3.46,2
1825,2022-11-16,19.0,3.7,27.8,245,2.69,2
1826,2022-11-17,20.1,0.7,26.3,253,3.21,2
1827,2022-11-18,18.5,12.7,27.5,255,2.2,2
1828,2022-11-19,12.5,7.2,34.2,256,1.83,2
1829,2022-11-20,13.3,1.1,23.9,254,2.23,2
1830,2022-11-21,17.2,0.2,29.5,238,3.96,2
1831,2022-11-22,16.4,2.6,41.0,269,3.4,2
1832,2022-11-23,18.1,0.0,28.9,250,3.17,2
1833,2022-11-24,17.7,0.0,16.1,264,2.11,2
1834,2022-11-25,15.8,1.7,22.9,277,1.67,2
1835,2022-11-26,14.4,0.1,17.9,313,1.82,2
1836,2022-11-27,12.1,0.0,10.2,165,1.75,2
1837,2022-11-28,12.1,1.4,33.0,278,2.39,2
1838,2022-11-29,14.0,1.1,20.1,298,1.99,2
1839,2022-11-30,12.4,2.7,8.1,185,1.38,2
1840,2022-12-01,12.8,0.0,7.4,94,1.42,2
1841,2022-12-02,13.3,0.0,13.4,27,1.49,2
1842,2022-12-03,11.9,0.2,15.1,242,1.45,2
1843,2022-12-04,14.0,0.0,11.1,196,1.98,2
1844,2022-12-05,17.5,0.0,21.5,177,3.41,2
1845,2022-12-06,15.9,4.2,19.5,246,1.72,2
1846,2022-12-07,14.6,0.9,18.1,263,1.4,2
1847,2022-12-08,15.5,0.0,11.5,220,1.82,2
1848,2022-12-09,18.6,0.4,20.9,223,2.34,2
1849,2022-12-10,15.7,2.6,33.6,259,1.92,2
1850,2022-12-11,15.7,3.9,19.5,240,1.26,2
1851,2022-12-12,18.1,1.3,22.6,259,2.25,2
1852,2022-12-13,21.5,0.0,29.0,244,3.97,2
1853,2022-12-14,20.4,7.8,25.6,250,2.93,2
1854,2022-12-15,18.0,0.4,23.8,243,2.55,2
1855,2022-12-16,14.6,0.0,22.4,243,2.16,2
1856,2022-12-17,14.0,3.1,15.6,253,1.55,2
1857,2022-12-18,13.2,0.0,10.0,95,1.41,2
1858,2022-12-19,14.1,0.0,10.6,157,1.76,2
1859,2022-12-20,13.9,0.0,10.1,212,1.77,2
1860,2022-12-21,14.4,0.9,23.8,261,1.9,2
1861,2022-12-22,14.3,0.0,20.0,254,1.6,2
1862,2022-12-23,14.4,0.0,13.1,251,1.78,2
1863,2022-12-24,15.6,0.0,11.0,260,1.84,2
1864,2022-12-25,15.2,0.0,12.7,227,2.03,2
1865,2022-12-26,16.1,0.0,12.7,237,2.29,2
1866,2022-12-27,14.1,0.0,7.2,338,1.61,2
1867,2022-12-28,14.3,0.0,8.9,304,1.75,2
1868,2022-12-29,12.5,0.0,17.3,257,1.69,2
1869,2022-12-30,13.4,0.0,14.8,246,2.06,2
1870,2022-12-31,13.8,0.0,12.1,194,2.09,2
1871,2023-01-01,14.8,0.0,11.1,221,2.37,2
1872,2023-01-02,14.1,0.0,11.8,255,2.09,2
1873,2023-01-03,12.3,0.0,9.6,273,1.58,2
1874,2023-01-04,11.9,0.8,11.6,313,1.29,2
1875,2023-01-05,11.2,0.2,10.5,63,1.29,2
1876,2023-01-06,10.8,0.0,10.9,282,1.54,2
1877,2023-01-07,10.1,0.0,10.7,258,1.67,2
1878,2023-01-08,13.4,0.0,23.3,241,2.97,2
1879,2023-01-09,17.7,3.7,29.9,262,3.09,2
1880,2023-01-10,14.6,1.9,14.7,267,1.6,2
1881,2023-01-11,13.5,0.3,15.8,259,1.71,2
1882,2023-01-12,13.5,2.3,14.8,45,1.41,2
1883,2023-01-13,12.1,0.2,14.1,268,1.35,2
1884,2023-01-14,12.1,0.0,9.5,246,1.4,2
1885,2023-01-15,11.5,0.0,20.5,256,2.03,2
1886,2023-01-16,14.1,0.8,34.6,251,2.46,2
1887,2023-01-17,15.7,1.4,44.9,244,3.79,2
1888,2023-01-18,9.5,18.6,36.6,261,1.63,2
1889,2023-01-19,8.6,12.2,30.1,251,2.14,2
1890,2023-01-20,10.8,3.2,27.9,253,1.63,2
1891,2023-01-21,8.3,4.3,17.3,305,1.1,2
1892,2023-01-22,5.6,8.4,13.6,252,0.76,2
1893,2023-01-23,5.5,6.4,15.1,237,1.2,2
1894,2023-01-24,6.3,2.5,11.8,252,1.17,2
1895,2023-01-25,7.9,10.4,16.9,277,0.88,2
1896,2023-01-26,7.6,8.4,16.9,272,0.94,2
1897,2023-01-27,6.9,5.0,18.9,253,1.04,2
1898,2023-01-28,7.1,10.7,10.2,256,1.03,2
1899,2023-01-29,6.9,6.1,13.3,261,0.79,2
1900,2023-01-30,7.8,0.8,12.4,254,1.3,2
1901,2023-01-31,8.0,0.0,9.3,251,1.78,2
1902,2023-02-01,8.0,0.0,13.8,109,1.77,2
1903,2023-02-02,8.8,0.0,15.7,56,1.73,2
1904,2023-02-03,10.3,3.7,7.4,12,0.92,2
1905,2023-02-04,10.4,0.2,14.5,262,1.77,2
1906,2023-02-05,10.5,0.4,13.3,292,1.73,2
1907,2023-02-06,10.8,5.2,19.8,72,1.09,2
1908,2023-02-07,10.4,0.0,14.1,45,1.76,2
1909,2023-02-08,10.1,2.4,11.6,46,1.55,2
1910,2023-02-09,9.2,10.6,28.7,43,1.24,2
1911,2023-02-10,8.4,2.3,16.2,65,1.56,2
1912,2023-02-11,8.0,0.0,21.7,81,2.02,2
1913,2023-02-12,9.6,0.0,14.5,63,1.99,2
1914,2023-02-13,9.4,0.0,17.7,65,2.14,2
1915,2023-02-14,10.5,0.0,16.1,71,2.39,2
1916,2023-02-15,11.5,0.0,11.3,86,1.89,2
1917,2023-02-16,11.4,0.0,13.4,91,2.47,2
1918,2023-02-17,11.6,0.0,18.3,45,1.95,2
1919,2023-02-18,12.0,0.0,13.6,47,2.19,2
1920,2023-02-19,12.4,0.0,9.4,10,2.51,2
1921,2023-02-20,13.0,0.0,9.7,29,2.53,2
1922,2023-02-21,15.1,0.0,11.7,271,3.17,2
1923,2023-02-22,13.2,0.0,16.5,277,2.35,2
1924,2023-02-23,12.9,0.0,10.5,33,2.31,2
1925,2023-02-24,13.4,3.6,18.1,32,1.71,2
1926,2023-02-25,11.2,8.7,32.6,267,1.99,2
1927,2023-02-26,9.1,0.6,28.0,245,1.95,2
1928,2023-02-27,8.9,0.5,31.0,260,1.9,2
1929,2023-02-28,7.8,5.2,34.2,262,2.06,2
1930,2023-03-01,8.5,13.6,13.3,252,1.76,2
1931,2023-03-02,8.5,12.1,36.0,263,2.17,2
1932,2023-03-03,9.4,3.3,23.8,267,2.15,2
1933,2023-03-04,9.2,1.0,9.2,276,2.18,2
1934,2023-03-05,9.7,0.0,8.9,98,2.71,2
1935,2023-03-06,12.1,0.4,28.4,260,2.27,2
1936,2023-03-07,13.9,0.1,25.6,252,2.18,2
1937,2023-03-08,15.9,0.0,16.4,256,3.07,2
1938,2023-03-09,16.8,0.0,23.6,263,3.4,2
1939,2023-03-10,16.4,0.0,30.3,265,3.31,2
1940,2023-03-11,16.4,0.0,24.1,264,3.91,2
1941,2023-03-12,16.6,0.0,16.6,270,3.42,2
1942,2023-03-13,17.5,0.0,18.8,315,3.46,2
1943,2023-03-14,15.5,0.0,22.5,275,3.49,2
1944,2023-03-15,12.9,0.0,11.3,3,3.35,2
1945,2023-03-16,13.7,0.0,19.6,46,3.24,2
1946,2023-03-17,15.5,0.0,22.9,274,3.19,2
1947,2023-03-18,13.0,7.1,11.2,225,0.89,2
1948,2023-03-19,13.7,2.1,9.5,14,1.43,2
1949,2023-03-20,13.0,2.2,18.2,44,2.28,2
1950,2023-03-21,12.0,0.0,14.8,51,2.73,2
1951,2023-03-22,12.2,0.0,11.7,52,3.19,2
1952,2023-03-23,15.4,0.0,11.5,34,3.65,2
1953,2023-03-24,15.8,0.0,14.8,266,4.0,2
1954,2023-03-25,16.1,0.0,9.3,318,3.72,2
1955,2023-03-26,16.5,0.0,17.5,264,3.97,2
1956,2023-03-27,15.2,0.0,14.5,342,3.44,2
1957,2023-03-28,13.3,0.0,23.7,59,3.25,2
1958,2023-03-29,14.8,0.0,10.4,32,3.6,2
1959,2023-03-30,16.0,0.0,14.7,267,3.74,2
1960,2023-03-31,17.9,0.0,19.3,267,4.75,2
1961,2023-04-01,17.4,0.0,25.5,276,4.08,2
1962,2023-04-02,14.1,7.2,25.0,306,3.47,2
1963,2023-04-03,12.6,0.2,12.5,28,3.29,2
1964,2023-04-04,12.5,0.0,19.0,63,3.28,2
1965,2023-04-05,12.7,0.0,24.8,73,4.03,2
1966,2023-04-06,12.2,0.0,29.4,63,4.06,2
1967,2023-04-07,13.0,0.0,23.3,59,3.67,2
1968,2023-04-08,14.5,0.0,10.2,16,4.08,2
1969,2023-04-09,14.4,0.0,14.3,40,3.74,2
1970,2023-04-10,15.4,0.0,13.0,17,4.05,2
1971,2023-04-11,16.9,0.0,12.6,23,4.29,2
1972,2023-04-12,18.7,0.0,22.6,272,5.31,2
1973,2023-04-13,16.1,1.6,25.2,304,3.47,2
1974,2023-04-14,15.6,0.0,20.3,266,4.2,2
1975,2023-04-15,16.7,0.0,14.8,295,4.59,2
1976,2023-04-16,14.9,0.0,21.4,62,4.01,2
1977,2023-04-17,14.3,0.0,24.6,72,4.41,2
1978,2023-04-18,14.7,0.0,22.3,59,3.93,2
1979,2023-04-19,15.6,0.3,25.2,57,2.88,2
1980,2023-04-20,15.9,0.4,16.3,46,3.26,2
1981,2023-04-21,14.9,0.0,19.4,44,3.75,2
1982,2023-04-22,16.9,0.0,20.1,272,4.05,2
1983,2023-04-23,17.6,0.0,12.9,340,4.46,2
1984,2023-04-24,18.1,0.0,15.5,17,4.47,2
1985,2023-04-25,19.7,0.0,12.6,349,4.82,2
1986,2023-04-26,19.6,0.0,13.9,27,4.83,2
1987,2023-04-27,19.4,0.0,16.8,30,5.01,2
1988,2023-04-28,22.0,0.0,16.6,22,5.65,2
1989,2023-04-29,23.0,0.0,18.8,268,4.49,2
1990,2023-04-30,19.8,0.0,20.2,333,4.38,2
1991,2023-05-01,18.6,0.0,20.1,55,4.19,2
1992,2023-05-02,17.9,0.0,14.0,34,4.78,2
1993,2023-05-03,17.4,0.0,24.9,55,4.56,2
1994,2023-05-04,18.8,0.0,14.0,3,4.72,2
1995,2023-05-05,18.3,0.0,16.3,36,4.38,2
1996,2023-05-06,20.5,0.0,21.2,297,4.97,2
1997,2023-05-07,18.6,1.3,24.4,285,2.22,2
1998,2023-05-08,18.3,0.0,14.5,357,4.33,2
1999,2023-05-09,18.6,0.0,14.7,27,4.76,2
2000,2023-05-10,18.9,0.0,24.3,50,4.25,2
2001,2023-05-11,18.2,4.0,25.3,55,3.6,2
2002,2023-05-12,18.2,0.0,19.8,51,4.1,2
2003,2023-05-13,15.8,18.4,15.3,38,1.32,2
2004,2023-05-14,15.0,9.0,12.3,299,3.2,2
2005,2023-05-15,16.3,7.5,18.2,275,3.67,2
2006,2023-05-16,16.8,1.2,19.9,286,4.29,2
2007,2023-05-17,16.2,2.2,30.0,62,3.17,2
2008,2023-05-18,16.5,1.1,21.6,45,3.71,2
2009,2023-05-19,15.8,5.2,18.3,9,2.64,2
2010,2023-05-20,15.1,6.6,20.1,296,2.81,2
2011,2023-05-21,16.1,0.0,22.1,60,4.58,2
2012,2023-05-22,17.9,0.5,26.8,55,3.67,2
2013,2023-05-23,18.4,8.6,17.8,347,2.48,2
2014,2023-05-24,17.7,5.6,22.2,279,3.46,2
2015,2023-05-25,17.0,9.2,18.4,285,2.54,2
2016,2023-05-26,18.3,0.0,20.1,53,4.26,2
2017,2023-05-27,21.5,0.7,13.5,42,3.72,2
2018,2023-05-28,18.7,14.2,11.7,18,2.31,2
2019,2023-05-29,18.0,2.1,19.3,283,3.58,2
2020,2023-05-30,17.3,3.1,14.5,273,2.86,2
2021,2023-05-31,18.1,8.5,13.3,275,3.51,2
2022,2023-06-01,18.3,0.0,15.5,52,4.51,2
2023,2023-06-02,19.4,0.0,18.3,42,3.29,2
2024,2023-06-03,17.5,36.2,15.6,106,1.48,2
2025,2023-06-04,19.0,0.0,17.1,33,4.32,2
2026,2023-06-05,19.2,0.1,15.5,49,4.1,2
2027,2023-06-06,19.1,0.0,20.4,55,4.3,2
2028,2023-06-07,20.1,0.0,20.6,43,2.0,2
2029,2023-06-08,21.5,0.0,20.4,41,4.45,2
2030,2023-06-09,21.5,5.5,23.4,275,3.7,2
2031,2023-06-10,21.6,0.0,16.3,296,5.25,2
2032,2023-06-11,21.5,0.0,19.4,322,4.84,2
2033,2023-06-12,21.8,2.3,15.8,36,4.8,2
2034,2023-06-13,22.5,1.4,21.5,275,5.03,2
2035,2023-06-14,21.4,1.4,23.4,278,4.43,2
2036,2023-06-15,21.6,0.0,13.4,19,5.12,2
2037,2023-06-16,22.4,0.0,20.1,45,5.66,2
2038,2023-06-17,22.7,0.0,20.1,43,5.66,2
2039,2023-06-18,24.3,0.0,25.9,25,5.51,2
2040,2023-06-19,27.8,0.0,36.6,223,8.36,2
2041,2023-06-20,22.6,0.1,19.5,292,4.09,2
2042,2023-06-21,23.0,0.0,18.1,295,4.8,2
2043,2023-06-22,23.5,0.0,14.8,325,5.22,2
2044,2023-06-23,22.8,0.0,23.2,53,4.53,2
2045,2023-06-24,23.1,0.0,24.2,49,5.29,2
2046,2023-06-25,22.3,0.0,17.2,33,5.38,2
2047,2023-06-26,22.4,0.0,16.6,42,5.19,2
2048,2023-06-27,23.8,0.0,19.2,43,5.65,2
2049,2023-06-28,24.8,0.0,16.9,36,5.87,2
2050,2023-06-29,24.2,0.0,11.5,332,5.5,2
2051,2023-06-30,24.2,0.0,16.3,327,5.31,2
2052,2023-07-01,23.7,0.0,20.0,50,4.9,2
2053,2023-07-02,23.3,0.0,20.4,44,5.2,2
2054,2023-07-03,23.8,0.0,18.6,41,5.35,2
2055,2023-07-04,24.9,0.0,14.2,344,5.67,2
2056,2023-07-05,24.1,0.0,14.3,26,5.38,2
2057,2023-07-06,25.2,0.0,15.6,8,4.89,2
2058,2023-07-07,25.6,0.0,18.5,274,4.55,2
2059,2023-07-08,26.1,0.0,16.1,302,5.32,2
2060,2023-07-09,25.4,0.0,14.0,18,5.04,2
2061,2023-07-10,34.7,0.0,24.6,189,9.09,2
2062,2023-07-11,37.7,0.0,19.8,191,9.03,2
2063,2023-07-12,30.7,0.0,17.2,333,6.85,2
2064,2023-07-13,27.3,0.0,17.3,37,5.77,2
2065,2023-07-14,26.4,0.0,18.4,54,5.3,2
2066,2023-07-15,26.9,0.0,18.2,288,5.49,2
2067,2023-07-16,26.9,0.0,18.1,47,5.44,2
2068,2023-07-17,32.4,0.0,20.8,29,7.35,2
2069,2023-07-18,33.3,0.0,22.5,342,7.87,2
2070,2023-07-19,30.6,0.0,18.0,277,7.4,2
2071,2023-07-20,29.7,0.0,13.5,343,6.54,2
2072,2023-07-21,29.8,0.0,20.1,279,6.73,2
2073,2023-07-22,28.6,0.0,17.4,21,5.7,2
2074,2023-07-23,33.5,0.0,18.7,265,7.39,2
2075,2023-07-24,32.4,0.0,27.8,251,8.42,2
2076,2023-07-25,28.9,0.0,24.8,294,6.59,2
2077,2023-07-26,27.2,0.0,17.6,44,5.53,2
2078,2023-07-27,27.2,0.0,25.5,49,5.75,2
2079,2023-07-28,27.0,0.0,16.7,341,4.04,2
2080,2023-07-29,27.0,0.0,13.0,9,4.99,2
2081,2023-07-30,26.6,0.0,15.2,29,4.69,2
2082,2023-07-31,26.6,0.0,16.2,41,5.27,2
2083,2023-08-01,26.7,0.0,15.5,321,5.57,2
2084,2023-08-02,27.2,0.0,15.9,9,5.74,2
2085,2023-08-03,27.7,0.0,19.9,284,6.15,2
2086,2023-08-04,24.8,1.9,29.1,5,3.8,2
2087,2023-08-05,24.1,0.0,14.1,12,5.33,2
2088,2023-08-06,24.4,0.0,19.2,60,5.58,2
2089,2023-08-07,25.2,0.0,29.7,60,5.52,2
2090,2023-08-08,25.3,0.0,21.3,54,5.53,2
2091,2023-08-09,24.8,0.0,17.4,43,5.14,2
2092,2023-08-10,26.6,0.0,14.6,356,5.59,2
2093,2023-08-11,25.8,0.0,16.5,34,5.16,2
2094,2023-08-12,25.0,0.0,16.3,46,4.93,2
2095,2023-08-13,24.9,0.0,18.6,51,4.96,2
2096,2023-08-14,25.8,0.0,16.5,14,5.36,2
2097,2023-08-15,26.2,0.0,12.3,2,5.36,2
2098,2023-08-16,27.9,0.0,17.2,291,5.63,2
2099,2023-08-17,26.5,0.0,13.7,285,5.21,2
2100,2023-08-18,26.2,0.0,12.6,24,5.45,2
2101,2023-08-19,25.4,0.0,15.5,23,5.4,2
2102,2023-08-20,25.1,0.0,16.2,49,4.73,2
2103,2023-08-21,25.4,0.0,20.4,53,4.75,2
2104,2023-08-22,25.8,0.0,22.1,47,5.17,2
2105,2023-08-23,26.3,0.0,19.7,36,5.14,2
2106,2023-08-24,25.1,0.0,16.9,37,4.81,2
2107,2023-08-25,25.4,0.0,13.3,13,4.71,2
2108,2023-08-26,25.9,0.0,14.9,35,5.18,2
2109,2023-08-27,26.4,0.1,47.1,275,4.82,2
2110,2023-08-28,23.6,0.0,21.6,272,5.37,2
2111,2023-08-29,23.7,0.0,16.9,290,5.49,2
2112,2023-08-30,23.4,0.0,16.8,41,4.78,2
2113,2023-08-31,24.0,0.1,19.1,49,4.56,2
2114,2023-09-01,23.9,0.0,16.6,36,4.19,2
2115,2023-09-02,23.6,0.5,21.3,23,2.27,2
2116,2023-09-03,28.8,0.2,28.2,76,6.25,2
2117,2023-09-04,28.7,0.0,21.4,292,5.28,2
2118,2023-09-05,25.1,0.0,19.0,302,4.73,2
2119,2023-09-06,24.1,0.3,16.3,32,3.66,2
2120,2023-09-07,23.2,0.0,17.3,51,4.37,2
2121,2023-09-08,22.7,0.0,18.6,58,4.26,2
2122,2023-09-09,23.0,0.0,20.4,57,4.26,2
2123,2023-09-10,24.1,0.0,17.8,44,4.26,2
2124,2023-09-11,24.8,0.0,24.0,280,4.04,2
2125,2023-09-12,24.2,0.6,19.1,2,2.82,2
2126,2023-09-13,24.8,0.8,14.3,51,2.72,2
2127,2023-09-14,24.8,0.0,26.0,48,4.13,2
2128,2023-09-15,27.8,0.0,22.6,194,4.36,2
2129,2023-09-16,27.3,0.0,17.9,69,5.48,2
2130,2023-09-17,28.8,0.0,28.6,268,5.8,2
2131,2023-09-18,25.3,0.3,16.8,15,3.83,2
2132,2023-09-19,24.3,1.5,19.6,33,2.22,2
2133,2023-09-20,24.0,0.7,15.9,284,3.92,2
2134,2023-09-21,23.4,0.0,19.7,271,4.39,2
2135,2023-09-22,22.4,0.8,29.6,269,4.01,2
2136,2023-09-23,21.8,0.3,17.3,65,4.32,2
2137,2023-09-24,21.5,0.0,21.3,65,4.52,2
2138,2023-09-25,21.8,0.0,23.7,60,4.23,2
2139,2023-09-26,21.0,0.0,18.3,59,4.06,2
2140,2023-09-27,20.7,0.0,17.6,49,3.79,2
2141,2023-09-28,21.1,0.0,17.9,54,3.61,2
2142,2023-09-29,21.5,0.0,17.8,55,3.54,2
2143,2023-09-30,21.1,0.0,15.9,52,3.5,2
2144,2023-10-01,22.6,0.0,20.6,49,4.01,2
2145,2023-10-02,22.6,0.0,18.2,50,3.76,2
2146,2023-10-03,22.7,0.0,13.9,329,3.33,2
2147,2023-10-04,22.7,0.0,18.2,55,3.25,2
2148,2023-10-05,21.8,0.0,14.6,40,3.36,2
2149,2023-10-06,22.8,0.0,15.9,39,3.64,2
2150,2023-10-07,21.6,0.0,19.2,52,3.4,2
2151,2023-10-08,20.7,0.0,17.1,55,3.26,2
2152,2023-10-09,21.0,0.0,17.2,52,3.18,2
2153,2023-10-10,21.1,0.0,14.7,46,3.14,2
2154,2023-10-11,21.3,0.0,13.8,7,3.04,2
2155,2023-10-12,21.8,0.0,11.6,15,3.07,2
2156,2023-10-13,22.5,0.0,12.8,13,3.75,2
2157,2023-10-14,22.1,0.0,20.0,264,4.13,2
2158,2023-10-15,21.7,0.0,14.6,256,3.3,2
2159,2023-10-16,22.2,0.0,12.8,315,3.07,2
2160,2023-10-17,25.0,0.0,13.6,318,3.96,2
2161,2023-10-18,23.3,0.0,25.2,266,4.22,2
2162,2023-10-19,23.2,0.0,19.7,268,3.48,2
2163,2023-10-20,21.3,0.6,34.7,256,4.57,2
2164,2023-10-21,19.3,0.2,22.1,253,3.63,2
2165,2023-10-22,22.9,0.0,27.1,136,5.02,2
2166,2023-10-23,22.5,0.1,24.5,80,3.99,2
2167,2023-10-24,20.0,3.2,21.1,260,2.61,2
2168,2023-10-25,19.7,0.0,33.0,256,3.53,2
2169,2023-10-26,21.1,0.0,23.5,250,3.64,2
2170,2023-10-27,22.1,0.5,31.7,259,3.81,2
2171,2023-10-28,19.7,0.0,12.5,296,2.68,2
2172,2023-10-29,18.3,0.0,12.0,69,2.48,2
2173,2023-10-30,19.1,0.0,14.1,267,1.99,2
2174,2023-10-31,19.6,1.0,20.5,31,2.18,2
2175,2023-11-01,19.2,0.3,23.0,263,2.48,2
2176,2023-11-02,21.5,0.3,36.8,249,4.9,2
2177,2023-11-03,18.0,2.9,38.8,264,3.39,2
2178,2023-11-04,18.8,0.1,27.9,245,3.37,2
2179,2023-11-05,19.0,0.2,32.8,254,2.92,2
2180,2023-11-06,16.6,0.1,17.2,254,2.34,2
2181,2023-11-07,15.9,7.2,15.3,261,2.16,2
2182,2023-11-08,14.6,0.0,8.6,252,2.06,2
2183,2023-11-09,15.6,2.9,20.6,260,2.29,2
2184,2023-11-10,16.4,0.0,30.3,263,2.51,2
2185,2023-11-11,17.7,0.0,23.4,258,2.68,2
2186,2023-11-12,17.7,0.0,23.6,261,2.68,2
2187,2023-11-13,17.5,0.0,11.3,241,2.26,2
2188,2023-11-14,18.0,0.0,12.5,258,2.52,2
2189,2023-11-15,17.5,0.0,10.2,293,2.2,2
2190,2023-11-16,16.8,0.0,12.7,267,2.27,2
2191,2023-11-17,16.5,0.0,10.5,281,2.17,2
2192,2023-11-18,16.3,0.0,14.8,56,1.84,2
2193,2023-11-19,16.5,0.0,8.7,327,2.2,2
