date,city,temperature_2m_above_ground,specific_humidity_2m_above_ground,relative_humidity_2m_above_ground,u_component_of_wind_10m_above_ground,v_component_of_wind_10m_above_ground,precipitable_water_entire_atmosphere,total_precipitation_surface
15-04-01,Bhopal,31.38151889803608,0.0056397121299009995,19.08416146847614,4.671448692177779,-0.2776261771845961,19.053919286868435,0.0
15-04-02,Bhopal,31.61231845542989,0.006701600669359401,22.66405654524965,5.663895118027561,-0.9519067353256715,19.92064739832387,0.0
15-04-03,Bhopal,30.854069749578855,0.006803642054586727,23.969701027018104,5.704285738839539,-0.8571622836225142,19.664422820153113,0.0
15-04-04,Bhopal,30.046127185330473,0.008165360983524793,30.080858878892283,2.5755785838907865,-1.5470930348665228,24.770628376341445,0.0
15-04-05,Bhopal,30.52307409619897,0.007366487562198077,26.557658409058725,-0.5491783018742527,-0.44296069334232413,23.765168050278813,0.0
15-04-06,Bhopal,31.33148250450608,0.006444403229281385,22.599807744325826,-1.2600764122657975,-0.19679877482697578,20.43594848039512,7.981876609610333E-4
15-04-07,Bhopal,31.251757444469565,0.00589120963589816,20.28949476144501,-1.749863399487712,-2.115205948793239,20.282480438631076,0.0
15-04-08,Bhopal,31.267945485774078,0.005168668356635391,17.478190951069518,-1.8060956157474266,-2.268756296637097,20.16151375305362,3.705115093335984E-5
15-04-09,Bhopal,32.65323898630735,0.005448743301533038,17.231743610143504,-0.4451113586335871,-1.2697357459822818,21.296699719538854,0.020191819450898766
15-04-20,Bhopal,35.743144743229294,0.00507679336767727,13.432304599471287,3.5350924457579866,-2.387829371640297,19.13391802568988,0.0
15-04-21,Bhopal,35.427001041836185,0.004771790610089458,12.666124883594955,4.3295656550776735,-1.4510136816466381,18.884593421204627,0.0
15-04-22,Bhopal,34.54249178852813,0.004474455971784218,12.357948206031951,5.6514427359036485,-1.0681294262451249,16.940299254607382,0.0
15-04-23,Bhopal,34.062017894760366,0.003835389264461349,11.372076342321508,4.209994186650036,-1.757068474452247,13.332368117502227,0.0
15-04-24,Bhopal,34.701736179212226,0.003657384093704425,10.565210211426422,2.695076153284336,-2.183893500330911,12.947736904126032,0.0
15-04-25,Bhopal,34.589155196885095,0.003976662545156543,11.323039677993552,1.586467398313572,-2.3767964019945924,15.014227924974467,0.0
15-04-26,Bhopal,35.351674586195266,0.005151803304528742,14.116141898027523,2.6361447117656724,-2.764787161130725,19.520137225911228,0.0
15-04-27,Bhopal,36.51461220795543,0.005465192314062891,14.099947304250344,5.654497901818665,-2.332424579447283,19.22128676689737,9.391937648743734E-4
15-04-28,Bhopal,36.065951138395576,0.0045328668015938035,11.862072489650913,5.306530832775982,-2.2433087218238996,15.005589679590244,0.0
15-04-29,Bhopal,35.715536333099585,0.004637668411882393,12.842410054350609,2.8037814857199383,-1.8327893914057312,14.097254223636977,0.0
15-04-30,Bhopal,36.12587059842859,0.0044465958382129455,11.879329874697657,4.690669564330076,-2.241830482480987,14.406373037131337,0.0
15-05-01,Bhopal,34.95924568215036,0.003401610899668425,9.435370267457193,0.9399370999838719,-1.6779928504062507,13.410755633722312,0.0
15-05-02,Bhopal,35.52302004431642,0.0038015696115229515,10.23367438293731,-0.0021623006484646073,-2.660282163375392,15.304380768137737,0.0
15-05-03,Bhopal,35.79734281705321,0.004957194347702575,13.383430976673033,-0.22583332470816003,0.07899411730335766,18.228349718903782,1.8631436528895442E-4
15-05-04,Bhopal,35.434008604530376,0.0065510357748388955,18.558066918406144,1.7613748729097338,2.4128789309542618,20.602352616828956,0.012550813170543653
15-05-05,Bhopal,35.883231687416526,0.004618889404460039,12.706555088260147,2.920195349905935,-0.18747014712228696,16.425093430308955,0.0014460535508928805
15-05-06,Bhopal,36.90206375328826,0.003667735983956754,9.201096886814367,3.2732767242240106,-4.019472288242748,14.443053653105325,0.005383426568155091
15-05-07,Bhopal,37.39788102690118,0.00443095581517181,10.667721224237019,2.6929354467660316,-4.556642636776647,18.10552625301569,0.0
15-05-08,Bhopal,37.1490684037609,0.005705825990008908,13.822487154102262,3.1290319422114403,-3.298012934069495,24.496919892021637,0.05002540757871412
15-05-09,Bhopal,36.37135149702468,0.006235404654101486,15.897095427058415,3.2451953434880365,-1.8225118152359956,26.639077702592708,0.07500423574905345
15-05-10,Bhopal,36.21748214401202,0.006836930725150184,17.678182484637592,3.726443423598342,-0.1163086439428446,26.789596443940304,0.06794630809400615
15-05-11,Bhopal,36.11038884082782,0.007291826117777238,18.652117537410277,4.01727950213058,0.16744367747332078,30.12711549697691,0.022212906568230707
15-05-12,Bhopal,36.17549308373673,0.007844448475905635,20.062764976971195,3.277506068784732,0.014149943188908309,32.03435649724833,0.07897252026683653
15-05-13,Bhopal,35.81552342709483,0.007885622886937602,20.831565827636055,2.283676701929842,0.8506476355426807,32.570497291197945,0.026204480643372798
15-05-14,Bhopal,34.37638250960889,0.008389297519325985,24.02658831025284,0.671091828698557,2.0398464586913394,29.758498933862864,0.0015159214318030813
15-05-15,Bhopal,33.98424529745002,0.008514056765846812,25.562117230843718,1.1661051532434947,2.56251179071337,26.52052255124258,0.014774517213760406
15-05-16,Bhopal,36.46201524476047,0.0066677635839906355,17.51063714193579,1.6969541431743642,-0.3923608934903344,22.441514591052922,0.0
15-05-17,Bhopal,38.49846693791023,0.005750956629603035,13.084718212303592,1.920417057785021,-3.316910494802238,21.84828544341452,0.0
15-05-18,Bhopal,39.33434554916731,0.0062781432599955875,13.520998691377761,4.405842537543708,-4.345965132364693,22.241294438155684,0.0
15-05-19,Bhopal,39.42950749952939,0.0071109061965022105,15.333259459857535,5.234855696117899,-4.042869796553771,24.80807122378168,2.8794036957632173E-4
15-05-20,Bhopal,38.85046393089499,0.007208284664249045,16.04826841745677,5.439509108352165,-3.222546081433955,24.261295736482147,0.0
15-05-21,Bhopal,38.47970404960919,0.007334724789582584,16.71510443571945,6.478691418246341,-2.33424347308988,24.71144389528731,0.0
15-05-22,Bhopal,37.572848313287636,0.007904850107240352,19.301325689244074,6.803327903489715,-0.8833201860088643,24.098370141533973,0.0
15-05-23,Bhopal,37.02025304357531,0.0094059685897508,24.202170516599,6.978202540639455,-0.32494240476283537,26.529150151826826,0.0
15-05-24,Bhopal,37.047359261473964,0.010540248938578403,27.079357579209134,7.245137252534428,-0.6786667792561752,28.05202235087631,0.001076388856232656
15-05-25,Bhopal,37.585895432753915,0.009609931793358784,23.90833156384265,6.511852412971701,-1.8212501668879353,28.13204863429231,0.0
15-05-26,Bhopal,37.928360218988814,0.008461533488735058,20.072504197406335,5.458225010785711,-3.469149013291683,27.806131880922205,1.8419715035441746E-5
15-05-27,Bhopal,38.242901271339335,0.00845654514215536,19.670708767534666,5.268407103087537,-3.430406644304351,27.641823747758135,0.0
15-05-28,Bhopal,38.67378415234364,0.008003369324565262,17.83805494491001,5.19670740979898,-3.839933856280154,28.737322597403512,0.0
15-05-29,Bhopal,38.82344503105492,0.006282496678154394,13.74265777592252,3.4381759379586807,-3.672538656701156,24.740671949981028,0.0
15-05-30,Bhopal,38.63772215468448,0.005995011692644264,13.351505539321964,3.729059031107706,-3.092486593668108,24.947711739154038,0.0010691903764066515
15-05-31,Bhopal,38.34381465058984,0.006910750587060457,15.834057677153568,4.824986554071786,-1.1657390868671265,27.636202598086534,0.03622967504344433
15-06-01,Bhopal,37.13904158765382,0.009278196116800858,23.06934960638766,4.199273926825198,-1.7341850463953294,29.941838670915708,0.01672594873916085
15-06-02,Bhopal,36.172501378976854,0.009577731775836613,24.490959940503444,3.293539689917911,-1.6890427731919266,31.024746426802665,0.0139892448375076
15-06-03,Bhopal,36.13074865806391,0.008717103442194923,22.491101758064946,2.3475069346184476,-1.4161523711932462,30.531326828529515,0.03258257166636782
15-06-04,Bhopal,36.96038143524952,0.0069474037112874,16.873037600178055,1.4852129585523095,-3.1866903126299406,28.23637192387406,0.0
15-06-05,Bhopal,37.24653627982305,0.006717101373798627,16.081896038438245,3.1657570368505192,-2.8299336698718083,31.659530110838936,0.0
15-06-06,Bhopal,37.36693493305503,0.007611009939026726,18.581659001225056,3.0890575540705543,-1.529480404242487,30.35013598716517,0.0
15-06-07,Bhopal,37.36726840052822,0.010225410460811367,25.29338840827305,4.551455684926494,0.23050875876740573,37.325259000628286,0.008172849077194408
15-06-08,Bhopal,37.21986606037065,0.011818503070391824,29.281944936974263,6.029924709468493,-1.5263149641453193,41.78704130512265,0.020252159666161177
15-06-09,Bhopal,36.16241429595117,0.012872921645121244,33.1600868761701,4.373860625037638,-1.6430800694521996,47.711033517833,0.6537008853146534
15-06-10,Bhopal,35.09518443640006,0.014124670397419435,38.712301682569795,3.3393039962933506,-2.0457850155696815,52.29220737205934,1.7443055780386008
15-06-11,Bhopal,32.308004987013675,0.016382656892142286,52.73653988285762,3.1106994547223397,0.05648648973099595,56.659600152475065,3.834455695542678
15-06-12,Bhopal,31.85936106485402,0.016750884394717135,54.7162355622302,3.664211048745644,1.135289610463632,53.072138386851734,3.1143769348773893
15-06-13,Bhopal,31.503186098992973,0.01616596863057315,54.21296047966493,3.533624358893546,-0.1046216528304142,48.628115073775206,2.469210086371762
15-06-14,Bhopal,30.451153128192352,0.01554144522998066,55.25667654422079,2.4627781483729785,-0.4409946563814468,46.1570680101874,1.653672927089126
15-06-15,Bhopal,31.476161279394038,0.015618547591721346,52.32957214137242,3.22588216730909,-1.5145022097319907,49.939495169131085,1.4140010991759286
15-06-16,Bhopal,33.04448599518152,0.015172731235939162,46.17558300325541,3.313594088038194,-1.1657373971143867,47.612356749088136,0.3506192818474826
15-06-17,Bhopal,34.6083324721835,0.013729935732335238,38.82415374148345,2.7394052074438857,-1.4167801147837682,45.8326438839035,0.01572493213682554
15-06-18,Bhopal,34.44667474984475,0.013924983328375221,39.307787808864745,2.346168218302868,-1.2247361653449464,49.77744405266392,0.024993013383022147
15-06-19,Bhopal,34.52236666304631,0.014896733437663703,41.65244615659482,2.8799163078483296,-0.7109374825123442,51.671211033817215,0.1572378912310748
15-06-20,Bhopal,34.25831626333839,0.015034095149733022,42.56169822561708,1.1480434617012025,-1.5471484985723185,52.8830693073389,0.7196288699614513
15-06-21,Bhopal,31.945004840918013,0.016808195121597837,54.64606500402861,3.934146897605427,-0.3538473833704176,56.66039636246557,3.964654525267046
15-06-22,Bhopal,30.081829167058462,0.017384402790801855,62.317247872187835,5.550484931242821,2.782500362225545,56.91811353178205,1.783454461604539
15-06-23,Bhopal,28.53698526074892,0.017115088314657807,66.65587019581137,3.857397659383915,5.608087608515006,59.17261264228885,1.22685659515122
15-06-24,Bhopal,25.95079228328819,0.017645180949044183,79.37990270655976,6.697044210099593,4.762015881797134,61.92002980770457,2.804326774467637
15-06-25,Bhopal,28.19881891015422,0.017141420690366917,68.63823812230815,7.0701685772709,1.4461335190735896,52.085762611572655,0.8736481701804631
15-06-26,Bhopal,29.47725487957155,0.016812988612467206,62.91672076644291,5.709917719539022,0.3941111838313588,43.549310598068125,1.027795774294054
15-06-27,Bhopal,29.864800921365166,0.016525347700661493,60.50829646088243,4.691228941268226,0.4995016002710729,43.39347974935845,0.7179200609399873
15-06-28,Bhopal,30.97485376541529,0.015683050925231683,54.38162581513568,4.465740711417024,0.0760353105419948,45.12554487626405,1.2398672819511505
15-06-29,Bhopal,30.506230869655024,0.016893526000844792,59.33580314959614,4.873415580019354,-0.59751459449096,53.53463827311831,2.1273486440327174
15-06-30,Bhopal,30.25690184931767,0.01646348049257725,58.684763477181356,5.237399728188852,-0.2036081421209753,50.70200366258298,0.9323297916256272
15-07-01,Bhopal,30.91913302713615,0.015774659795295715,53.991947064554786,6.010220906553349,0.03611619182152334,48.55017010096289,0.799772414317617
15-07-02,Bhopal,30.803204950342966,0.015182649089780014,52.49327661585678,6.619284452592858,-0.008046876300371764,43.40196124018046,0.1403933801220305
15-07-03,Bhopal,30.04532300657049,0.015464078370952752,55.70910304235572,7.309534059978799,0.44238587259523965,44.05249264779777,0.21432418894929886
15-07-04,Bhopal,30.139047871178718,0.015398511662901801,55.0904122076545,7.913204012110548,1.1505843197665337,41.40823242399427,0.0021316056582397786
15-07-05,Bhopal,29.31827148938889,0.015529844052072955,57.93787135349379,8.222592551523672,1.2575397758564355,40.89223906955098,0.012466336526973602
15-07-06,Bhopal,28.746010741308766,0.015893087763295743,61.31159072540964,7.201380920836192,1.2271294598079598,45.53846412961722,0.09559472576906869
15-07-07,Bhopal,29.795683211168935,0.01609471525850142,58.72279277508498,7.093885450061098,0.40502497582388935,49.544527609254615,0.36308901378482505
15-07-08,Bhopal,29.73471718532283,0.01675296298697573,61.118759624437914,8.023291448842945,-0.828405511576588,56.9031724132658,1.3113975908480182
15-07-09,Bhopal,28.97303651186831,0.01659370111189543,62.8985508487315,7.300197813129886,-0.5467475316404278,61.10791274267161,0.7225806787772134
15-07-10,Bhopal,27.52031801102284,0.017535048881233327,72.36730751266002,6.757639157474748,-0.37196179653668077,63.213756696560836,3.430161590980704
15-07-11,Bhopal,28.95974048275934,0.017212124185905276,65.61527450281753,6.121970349574476,0.9480627337144908,55.35399175417132,1.3936784583097197
15-07-12,Bhopal,30.63849356865817,0.01684726138951302,58.40744083360605,4.949077637313403,-0.5424184759223104,50.5801115623173,0.7554478029575598
15-07-13,Bhopal,31.752144222724713,0.016473426458411308,53.51610004231536,5.428547895210606,-0.9131006338560799,48.385286113272514,0.2470968893210093
15-07-14,Bhopal,32.09361130280222,0.01583019079133596,50.53422132182896,6.119384389315154,-0.4561928223167766,49.12753301511612,0.16070778736009245
15-07-15,Bhopal,30.4433516426138,0.016275276311031678,56.95846976238861,5.729367045736127,1.0989170217218758,50.81159251314514,0.6046557487501274
15-07-16,Bhopal,30.07975735483453,0.01627139825803978,58.122360728216684,5.493730402798936,0.9102210151631043,51.931337583598086,0.6171235664822821
15-07-17,Bhopal,27.67505206687017,0.017717960677419625,73.31258405531003,5.439020030339493,-0.6562957173493124,61.659778317865644,3.1489737887314617
15-07-18,Bhopal,26.719636360545795,0.018719659368739445,80.61966607774175,5.62974431955566,-2.5328065152865653,63.268467535656,3.2733553725548026
15-07-19,Bhopal,26.84364793979056,0.018686208061446108,80.09158125333994,6.23164027602712,-2.307814780619881,61.56997042837827,2.0427324929544994
15-07-20,Bhopal,27.462714050261955,0.01908663682857128,79.05052418324358,4.647011665809082,-1.810393973498368,62.49599104441278,2.441759213562154
15-07-21,Bhopal,28.40694330352431,0.01925185211283612,75.66541896594896,3.149934929060159,-0.0824714162855297,59.09972339795856,2.44037180785085
15-07-22,Bhopal,28.99081460932082,0.019477114379282928,74.00830918372807,2.2993302709258714,-0.1873710577452377,58.60120539597379,3.99889358907973
15-07-23,Bhopal,27.907042769946376,0.019406903782786252,78.42002168951964,3.8760765108319633,-0.6375232755022675,61.628441320121446,4.977269268554338
15-07-24,Bhopal,26.002811586695316,0.01868560796428148,83.92012989294884,5.897092315038352,3.155919845196574,63.580647625251196,3.6548969308557586
15-07-25,Bhopal,23.799643135070816,0.0166046989354151,85.22455065004871,5.6090354941946865,5.5902876065927884,59.567107922339495,2.124029711634204
15-07-26,Bhopal,24.284899858665998,0.01643544400667205,82.34740996708068,4.45023702930023,6.806641525540975,57.014933508909174,0.41784828820967473
15-07-27,Bhopal,24.453662176830022,0.016281242162892458,80.65595939036632,4.761077965210952,7.173580256469932,55.21134689361423,0.3073719132074921
15-07-28,Bhopal,24.70169540834299,0.016693606019169305,81.41027643105525,5.791282459068792,5.507914427423037,55.88375953162912,0.3782245145410585
15-07-29,Bhopal,25.827931776020915,0.01728064871435262,79.07549668674869,7.483121446184915,2.354993170434637,51.49131168719875,0.3171944916827638
15-07-30,Bhopal,26.201428741362044,0.016995216511386486,76.20190056334664,6.612893028290776,1.2370780133691945,46.12770858455478,0.2713615797031961
15-07-31,Bhopal,26.282524076968354,0.016876803647446304,75.6136867135844,5.786601729675884,0.9153167161197153,47.56913188640987,0.44337314412042433
15-08-01,Bhopal,25.998984690668788,0.0169890455591734,77.24416217078682,5.6781422436605835,-0.3153387474186869,51.552653588738224,0.40715870871355303
15-08-02,Bhopal,26.67658889170908,0.017325575223702403,75.66777758070124,5.71796416056148,-2.102864961034918,57.00628889107769,0.7690548969296735
15-08-03,Bhopal,27.062694819380596,0.017955533706661638,76.25549351668292,6.043631533670635,-4.17456673797432,57.437805697927615,2.6594536014495613
15-08-04,Bhopal,26.68239490811418,0.018267481083045323,79.1355516140054,3.2560829066960575,-4.150301401571056,52.93478863882178,5.338216771265974
15-08-05,Bhopal,26.827348374803538,0.018568964209170948,79.7935460958539,4.647128746404564,-2.2377648118963105,53.26719255579842,1.5766097408456166
15-08-06,Bhopal,26.611151565768857,0.018824970766232817,81.8914646597574,5.220105547932427,-1.3043830160419996,60.12667790063352,3.0082806629272856
15-08-07,Bhopal,27.194897906631635,0.019245378263808944,81.04017155078368,4.428453485398153,-1.406056028632712,62.051525242283404,2.312380398824217
15-08-08,Bhopal,27.424501825865047,0.019156874495021795,79.44550647927817,3.940900146048819,-1.8297293727586819,61.74732277265732,3.89188242916497
15-08-09,Bhopal,27.929710328482024,0.01955428580433442,78.92759729586642,3.3794767612119414,-2.101839595100291,60.24541703553056,4.8190731333698755
15-08-10,Bhopal,28.305752657034848,0.019565949954610216,77.30028300992842,3.2013924210900213,-1.899540943031959,60.380634642955734,3.3137394369870967
15-08-11,Bhopal,28.134211538025355,0.01959931270817552,78.4595202967565,2.40711185799211,-1.6674665050949198,60.66177884253059,3.757281563582096
15-08-12,Bhopal,27.125531217657773,0.01948540221895331,82.41228975165826,3.7180988823388144,-1.9373255003277836,60.2308040140121,2.8812005188619607
15-08-13,Bhopal,27.1973545128737,0.0199219143254112,83.75415541986786,4.376075660881018,-2.3159918634281365,61.968333956591145,3.7332355452194386
15-08-14,Bhopal,27.3150878130905,0.019941508276959084,83.44724282056981,3.552655114892534,-2.0699201360033577,62.32046150668528,3.613802347128827
15-08-15,Bhopal,27.031533566658414,0.019804274401118593,84.23921654088709,5.0760940571585635,-1.3635822813068643,62.94594859495396,2.279107178006327
15-08-16,Bhopal,26.853846767472056,0.019267992814884494,82.79396121514844,5.40591662419016,-0.8933307746541056,62.26171328341411,0.8214697772625573
15-08-17,Bhopal,25.76445359628052,0.01911186138608084,87.57452524903665,4.718476987969153,0.1900925166300135,63.08871197207832,1.9469055210851915
15-08-18,Bhopal,26.040023951414156,0.018844483503502374,85.30010103016363,4.616343426293514,1.003632489456098,55.372639861694836,2.2064765889068556
15-08-19,Bhopal,26.54219675232079,0.017949174321579955,78.8935018111535,5.125657591756767,0.6171108541618904,45.281728788039224,0.4657689780108871
15-08-20,Bhopal,26.106999662575042,0.017248862415233813,77.87049606846277,5.31749497223292,0.5180002849022267,41.180435203278286,0.47616404943636026
15-08-21,Bhopal,25.700882762169776,0.016729964427006375,77.29110909808618,5.590015766087181,-0.3708223154229887,36.27521871208014,0.1049062095834955
15-08-22,Bhopal,25.72283620601748,0.01689886534535282,78.0149510693421,5.359901865565681,-0.5374110657746998,35.313910826515695,0.0798168626449782
15-08-23,Bhopal,26.700799661987848,0.017211360290351887,75.25508906411609,5.456058474747226,-0.6991590291316805,38.784206446108776,0.1005356545063325
15-08-24,Bhopal,27.061578774258376,0.01733363038077218,74.28642151163523,4.947276088961861,-1.05687836135562,42.279387665473344,0.21158325414032597
15-08-25,Bhopal,27.594910069597443,0.017296974710768513,71.70518410666202,4.557305745883948,-1.6041437662746862,47.91062073817422,0.24178205828366486
15-08-26,Bhopal,28.144130539829487,0.017170633224734614,68.9298602573594,3.4205393872291943,-2.176830272457176,49.8106693766789,0.2026225875899922
15-08-27,Bhopal,28.472230706822252,0.01749774344575586,68.84617350062703,3.4245337144645855,-2.281483687197936,54.1034940955277,0.23090532056650975
15-08-28,Bhopal,28.251182538448628,0.017964386209129542,71.6393688424493,4.215939095497465,-2.089191601600671,57.41984740836511,0.8764786736916329
15-08-29,Bhopal,27.625929639656043,0.018555215682703772,76.46273244872972,4.334509134958916,-1.1477614528800284,57.685987004661946,0.9141745167282923
15-08-30,Bhopal,27.273307697301316,0.01784847766262079,75.20881548144307,4.182920378859996,-0.3961000930266941,53.9894634919761,0.343061913184848
15-08-31,Bhopal,26.536214678978855,0.01739604467165869,76.56380809702199,4.772219999973489,-0.17534700585145102,50.163637789566984,0.9642657663481977
15-09-01,Bhopal,25.91190761964173,0.016932672388351753,77.29995713720153,4.361927828706074,-0.37894456045967745,44.19921946137901,2.0574695587579064
15-09-02,Bhopal,25.96172020661476,0.015994642825773852,73.17421822673907,2.7510507174949033,-0.835106265706311,40.05561142836807,0.7643146657048622
15-09-03,Bhopal,27.05444304251736,0.01495468097465314,64.44570958953564,2.3662073910818826,-0.9949544567017259,35.805585958851054,0.1109544388460627
15-09-04,Bhopal,28.119521615692587,0.01427346652881687,57.632449358540164,2.409739318870618,-1.2767362995701812,36.61015073627961,0.010099085543316039
15-09-05,Bhopal,27.967322685272713,0.015109613198697218,61.57615912081749,2.912639248002587,-0.7355352136282646,39.856216921837024,0.23625508289657046
15-09-06,Bhopal,27.35009906130432,0.014802657991585725,62.550865033212396,3.0157739795944125,-1.0318792109051702,36.403726969832974,0.17102282643725947
15-09-07,Bhopal,27.50365781499765,0.01437925947684956,60.26375869005353,2.730324933859065,-0.5834150459797757,34.660294610996885,0.09278751758444168
15-09-08,Bhopal,27.85949216276649,0.013514165482203019,55.38761322858534,2.661255231970128,-0.8531696534845574,31.101891146927343,0.004607469560605281
15-09-09,Bhopal,28.593648128457826,0.012778516750130295,50.5134218776129,1.8886563752570122,-1.4432187570454733,32.38353085679413,0.0
15-09-10,Bhopal,29.334836350288484,0.011576646906365534,43.57485892161282,1.7262880727850647,-2.8464561481422996,32.97243245822304,0.0
15-09-11,Bhopal,29.565891449755117,0.01176535179092013,44.12548774937142,1.355798581747911,-2.3565503786097004,37.246837478262286,0.0
15-09-12,Bhopal,29.658984229881266,0.013126753560343261,48.69528996233695,0.406362625099818,-1.8127366590620742,42.940816314159036,0.0012089261696181766
15-09-13,Bhopal,29.23355283556268,0.016234001528046115,61.731422729366194,0.1673820676405641,-1.2644361612172628,49.55369739569623,0.5243944807824327
15-09-14,Bhopal,29.58437949700084,0.014184037375208342,52.756830908176376,0.8509959175669762,-0.8276606834564405,44.523165202076186,0.10036670249968205
15-09-15,Bhopal,29.38676694583117,0.014917557008341579,55.968342314325376,-0.7157964770556591,-1.6480805028970877,45.80178760270762,0.07672531239573716
15-09-16,Bhopal,27.789458156342747,0.017067625543307218,70.1692172098289,-3.5847172781800296,-3.6278435337736763,54.60629110074623,1.2848797563754017
15-09-17,Bhopal,27.063175825310275,0.01800273647454572,76.78061846213613,-5.569351162173379,0.0232528805656852,56.283302389347774,1.2805367297763295
15-09-18,Bhopal,26.353916135648404,0.017720818917009426,78.83366941323449,-3.3258565412452157,3.330772060946357,50.45119912175305,0.2836208539141177
15-09-19,Bhopal,26.466334235442044,0.016149025006745976,72.17809225000985,1.181679345447585,2.968627125284048,47.74447895041327,0.04137110408339688
15-09-20,Bhopal,26.761646458514665,0.015691484202894884,68.99895961489781,2.450276664825444,2.3890624422938713,47.99046486713052,0.025757325907978593
15-09-21,Bhopal,26.96180716478405,0.01591048550473868,69.04346951438484,3.3366996106861393,2.586895051469979,46.90822819351827,0.03876630281590981
15-09-22,Bhopal,26.530803267290274,0.016306980000919256,72.66951323177435,4.181555405915349,0.1972446618412781,41.49567517315146,0.12493817780858099
15-09-23,Bhopal,26.29892052841704,0.014366852408513202,65.34810625109569,4.098536060118498,-0.8224040693392474,31.71525498913717,0.011521849769759458
15-09-24,Bhopal,25.61920507593853,0.012230595891341992,57.90722921082805,4.105436266553878,-0.6186646607665103,25.519919074082438,1.956300800830267E-4
15-09-25,Bhopal,25.872899294287212,0.011499322845210443,53.371219550206405,3.5090905842939164,-0.9321207877207589,27.146238150595,0.0
15-09-26,Bhopal,27.2680088637644,0.012040790468804552,51.31698517351938,2.6618417017206015,-1.7441327566180633,30.87908451953716,0.0
15-09-27,Bhopal,27.534561460644895,0.011027207956662772,46.54201459606004,1.293603042601256,-1.8445070696411638,27.248245201823188,0.0
15-09-28,Bhopal,28.20113902725178,0.010244122568741446,41.72852790836233,-1.2624078712936508,-1.3825501456876368,26.326584076816797,0.0
15-09-29,Bhopal,27.361585544441454,0.008658672073830913,37.6265716831374,-0.876295289980878,-1.8857737943581505,20.729374557390283,0.0
15-09-30,Bhopal,27.57354216175028,0.009296639749161069,39.807074256746105,-0.9315931743590907,-1.2543374913214844,23.229543903171205,0.0
15-10-01,Bhopal,28.93567434145506,0.010233398726404263,39.40532336454728,0.7638101124272604,-1.1939578862600677,29.99864547184812,0.0
15-10-02,Bhopal,28.89166492989392,0.007904371185490715,30.48951612126213,1.2007365508428884,-1.738374580064169,20.894089177452773,0.0
15-10-03,Bhopal,28.3556763955248,0.007731273091045778,30.88497684490148,1.537833844805078,-1.6218542137562546,16.990743884852098,0.0
15-10-04,Bhopal,28.702517279829106,0.007560229098133987,30.254832042870802,0.0924676068567341,-1.5271103967531385,17.835950501949647,0.0
15-10-05,Bhopal,28.29137041484759,0.007667858850713006,31.927397153140895,-0.8557602723677965,-1.01162048880928,18.400044823585326,0.0
15-10-06,Bhopal,28.232506929438927,0.007781999281984261,32.54451479136863,-0.5739731393356337,-1.239877599734923,19.393608542557978,0.0
15-10-07,Bhopal,28.039989810390516,0.007995040028243307,33.321524207205144,0.3403489120690822,-2.3699521050347325,19.31149260005169,0.0
15-10-08,Bhopal,28.02245650356054,0.007585921865310359,31.45653630072266,1.8843527349166942,-1.7248951548281086,18.158206738269104,0.0
15-10-09,Bhopal,28.23657455328033,0.00788737829142221,31.885614168979128,2.974142675869506,-1.40212796981231,19.598014486191396,0.0
15-10-10,Bhopal,28.33488217963758,0.008299392782952095,33.852172914922726,2.1380692703663913,-1.7740749513618728,20.684991494790328,0.0
15-10-11,Bhopal,28.660835705216975,0.00818471567890071,32.39883184182611,1.9476926225391509,-1.3231258138899957,21.914185720124866,0.0
15-10-12,Bhopal,28.80083866855962,0.007742677438288969,30.287913410523075,1.4404528341548695,-2.4083586828645918,21.008562368752187,0.0
15-10-13,Bhopal,28.355966061822116,0.007749653425640906,31.8849027218817,0.3980873009504426,-2.629934304478536,19.813298543354843,0.0
15-10-14,Bhopal,27.693461872762455,0.010188237995174772,43.491445027594644,-1.9528359595085505,-1.9911100143281366,25.117289433008445,0.0
15-10-15,Bhopal,27.53337423756194,0.010503307257503364,45.154436256140876,-2.6655559207493855,-0.9998132397041644,25.233505184047907,0.0
15-10-16,Bhopal,27.679046670014294,0.008978212607775557,37.81653402624575,-0.7729867272985467,0.0239835267424013,22.81948506646363,0.0
15-10-17,Bhopal,28.567676061278753,0.008051903368478882,32.18943346556286,1.4998646759567527,-1.143314038521246,21.90565118339003,0.0
15-10-18,Bhopal,28.657888989203016,0.007722751097720124,30.93843419106834,1.0333311933417018,-1.2456912459148366,22.040475050164115,0.0
15-10-19,Bhopal,28.775535258238868,0.007845189292722874,31.0365879281265,0.6989039077921512,-1.0819207098529684,23.750631336799167,0.0
15-10-20,Bhopal,28.30863588392572,0.008233910911038771,33.158187865847495,0.48457824156759527,-2.2419348639500902,24.670454694043976,0.0
15-10-21,Bhopal,27.772017739071103,0.007809821928747273,32.615441318207644,0.4216986272599533,-1.5553514257388577,23.42376393867217,0.0
15-10-22,Bhopal,27.473861913758565,0.007870865095777311,33.78485831579945,-0.060241365544122516,-0.39542554785465306,21.551357500719504,0.02077193473538934
15-10-23,Bhopal,27.423620059625897,0.007012826080843292,30.203792408552914,-0.01774283907970768,-0.6709171590067321,19.752479609132294,0.0
15-10-24,Bhopal,27.801504933478707,0.008096060722871988,33.66938574632332,0.11090489188574353,0.8899093632118036,23.68820119647153,0.0
15-10-25,Bhopal,27.06346969785406,0.010076285501165778,44.162907273788754,1.930839000727032,0.7964661506831684,30.286401682470228,0.10397781297308331
15-10-26,Bhopal,27.31147675436687,0.009462458508488357,40.94523916843784,1.0017826690389895,-0.3985340347059884,28.688135610242192,0.026432503518677788
15-10-27,Bhopal,25.41944361676369,0.009291681060454318,46.30673568750299,-0.2091842354649929,-0.7893650225758979,27.135749424053078,0.31071476840813517
15-10-28,Bhopal,23.175720630040992,0.01008961990815475,56.49891271415927,-1.503389836568275,-2.299917590023721,22.918682627662573,0.5098509514762869
15-10-29,Bhopal,21.57554384919042,0.009702738771198677,60.2334277119417,-3.0050225867167355,-2.069651457925373,19.413916785966574,0.10516111711607232
15-10-30,Bhopal,22.026027240468903,0.009756413407077658,58.14596144669263,-3.4970747879996567,-1.1401244646013913,20.336513749144586,8.595867336760488E-4
15-10-31,Bhopal,23.64556146029859,0.01005530993232212,53.87250476873664,-3.3053990221862506,-0.4764172495902783,23.180761280785084,0.0010374322647814383
15-11-01,Bhopal,24.134849214683076,0.009841227938803918,51.049518112527316,-2.814318617478992,-0.3195018145327676,22.551924921390484,0.0
15-11-02,Bhopal,24.98193121059801,0.010171429460542813,50.06369278666773,-1.4860153754986236,-0.14860115743844474,24.05482545176011,9.866192291170827E-4
15-11-03,Bhopal,25.053244467091755,0.009275708621245401,45.49064261088687,-0.3798314622663063,0.4657039594939698,23.04070368615108,2.504657803095125E-4
15-11-04,Bhopal,25.677325254274905,0.009346685062325371,44.26012946273576,0.732759340721721,1.1503626495725312,23.91641299349829,0.0
15-11-05,Bhopal,25.855366347992646,0.009458586905346972,44.11296012258626,0.4088183779882372,1.6677768896850094,24.307643543131302,0.0
15-11-06,Bhopal,25.898667912883816,0.008195911661371102,37.96894337208613,-0.6589722912413521,0.724551975202187,21.987024052840912,0.0
15-11-07,Bhopal,26.51173224655916,0.008989489094940942,40.275684563650024,-0.8928076095785535,1.2249989092851947,24.370395461354804,0.0
15-11-08,Bhopal,26.00175320333259,0.009589735746567752,44.47459424789844,-1.3286125585621777,1.2556783259016298,25.702710390656293,0.007564998403532925
15-11-09,Bhopal,25.354500299934454,0.009157717649783589,44.24836418488969,-1.402000517811969,0.6003482666069393,23.56441224021156,1.6937669629084705E-4
15-11-10,Bhopal,25.349509348778867,0.00814247164274815,39.350521498660086,-0.7332107291949206,-0.6991702502024414,21.33841283066162,0.0
15-11-11,Bhopal,25.433106464809843,0.008061909955067875,38.72729996440371,-1.1136851863343102,-1.5131560872959762,19.950040623545647,0.0
15-11-12,Bhopal,25.296149936536466,0.007525528481529933,36.58006295925234,-0.46845654266233966,-1.3588983813170352,17.80797804704284,0.0
15-11-13,Bhopal,25.126511755739127,0.007115199668065953,35.012854246508454,-0.541263747893958,-1.5199339060714785,16.822360154554286,0.0
15-11-14,Bhopal,25.35084075178235,0.007165426230835753,34.84097709411851,-0.19204775978715494,-0.7513939523662841,16.256940531637767,0.0
15-11-15,Bhopal,24.931576084379905,0.006666714762656781,33.16983251443239,-0.27291051928150506,-0.9470792875550582,14.929950230631242,0.0
15-11-16,Bhopal,23.91481949100651,0.006073702422837391,31.882787659723906,-0.8330648499601321,-2.509516583814214,13.480329242138682,0.0
15-11-17,Bhopal,22.61321022814207,0.005446966529616524,30.887485779801676,-2.118774938917271,-2.1794848316325424,11.81132939761772,0.0
15-11-18,Bhopal,21.842241862666665,0.005032223345408801,29.946879866081197,-2.6736366710799735,-1.2272838057083648,9.75808156250413,0.0
15-11-19,Bhopal,21.645952291023466,0.004550137927088534,27.465062320414113,-2.319230336735898,-0.9704915979333054,8.764979410593508,0.0
15-11-20,Bhopal,22.24778327812673,0.0060119114824746436,35.03048417812117,-2.058866819987379,-0.7719374397674293,12.332814818495496,0.0
15-11-21,Bhopal,22.483580321541993,0.0059680270173281345,34.21871455025867,-1.8570508979560871,-0.913011282346108,15.37535171261244,0.0
15-11-22,Bhopal,23.566840192231396,0.006507048866062675,34.79407028958887,-1.447298621535768,-1.4315165185525636,22.77745846838647,0.0
15-11-23,Bhopal,24.24849746711856,0.00722789277889208,37.0684648579779,-1.7264917500910293,-1.2163700160308508,27.894324157255777,0.0
15-11-24,Bhopal,23.719099037434034,0.006678587859012988,35.446797307711954,-2.330894046489889,-1.3956920820737382,23.919537933942106,0.0
15-11-25,Bhopal,23.581496658428588,0.006242634286117477,33.39053457559448,-1.5841372002140244,-0.018260924924402573,22.392825129838172,0.0
15-11-26,Bhopal,23.35527400376029,0.006178379975569114,32.85449532154937,0.5164062411828486,-1.0229399339426457,20.07987628982158,0.0
15-11-27,Bhopal,22.251828013784532,0.005448869913675665,29.874720999218905,-0.38780105672638676,-1.3425888954314353,20.82465313613253,0.0
15-11-28,Bhopal,24.17026066754247,0.009794938993485417,49.75792137111428,-1.0507562385819478,0.05941925096228721,35.06064820628824,0.49782626445552375
15-11-29,Bhopal,24.658028287034703,0.011987606603582042,60.44349296677727,-1.1059489069597384,0.8412952896356719,36.58235378103043,0.6741526996082172
15-11-30,Bhopal,24.813107165282347,0.010167956451553665,51.09271990849073,-0.8059546297584799,0.9044420938268996,29.32261651508045,0.32828654637739285
15-12-01,Bhopal,24.792007786536278,0.009023710171506567,45.74144085579449,-0.24982172280841358,0.16384336880267358,24.43212267566664,0.02834815443024925
15-12-02,Bhopal,22.384800891307655,0.008395131065479138,48.92911874173778,-0.37307036646833763,-2.5882125929149664,16.996013575230997,4.2344174072711765E-6
15-12-03,Bhopal,20.616216252231357,0.006393446439988677,41.454770765815006,-1.6185481916935758,-1.2108062043460939,10.725368579450823,0.0
15-12-04,Bhopal,20.43703239564975,0.005020190004397296,33.05092160403729,-1.7950973450931844,-0.4230379752875423,7.7998688684468505,0.0
15-12-05,Bhopal,20.598432556788147,0.00454739784871518,29.648711084410913,-1.6396978345294915,-0.5630868768925148,6.900525176943075,0.0
15-12-06,Bhopal,20.496973743025226,0.004666362518963952,30.75898808234833,-1.443403802510098,-0.3495771855296192,7.1161522851363435,0.0
15-12-07,Bhopal,20.2810441695578,0.0046588392385809195,31.08126744646124,-1.325020502860474,0.08208587061361249,7.020774153704808,0.0
15-12-08,Bhopal,21.36232813690415,0.005266110138557655,32.52142033917794,-0.3922975881927177,1.581171412622164,12.362913077641632,0.0
15-12-09,Bhopal,22.631019671499594,0.0060510874540844126,34.486886619229296,1.5178681448604647,1.670471044280866,20.585633005977154,0.0
15-12-10,Bhopal,21.88013127606092,0.0063886583563536855,37.33766160812482,2.340894467120971,-0.7433271783353651,18.546437091045185,0.0
15-12-11,Bhopal,18.758180922996733,0.004598700764337528,32.35109939109181,-0.19837525450325758,-2.4447073477256014,8.754806208699376,0.0
15-12-12,Bhopal,17.437658548742796,0.004813861668828498,38.046888325272526,-1.534390419531679,-2.3765285674780405,7.5926809283351995,0.0
15-12-13,Bhopal,16.430719010293668,0.0046069555523148165,38.9054207070087,-1.8694746789973933,-2.579462797278765,7.03176672256938,0.0
15-12-14,Bhopal,15.680135561263358,0.0032905116492181123,28.78349472665125,-2.179490128645115,-1.910624318897896,5.160912183327929,0.0
15-12-15,Bhopal,16.57364876845344,0.003330806347437873,27.523389300922066,-2.393270400771745,-0.9704346404535358,7.773293684193797,0.0
15-12-16,Bhopal,17.514760561170316,0.00398833746779815,30.884904862136697,-1.750367084861208,-1.8574878847408929,10.389401426442916,0.0
15-12-17,Bhopal,16.22567618351967,0.0037078064802516975,31.71164097279552,-1.529273128635583,-2.314081502412897,6.096070567221662,0.0
15-12-18,Bhopal,16.38060159515238,0.003667614244058582,31.139799871196754,-2.7139800807235877,-0.7822869906074106,8.440644202809427,0.0
15-12-19,Bhopal,17.842792673550345,0.004171881675505682,30.88173323292235,-2.3047579552792214,-1.1886917516600362,12.379207076812742,0.0
15-12-20,Bhopal,16.967833199539825,0.004296378822896887,34.395167003802165,-2.493796094392961,-2.3186051326857973,10.096640185046647,0.0
15-12-21,Bhopal,16.15822245861459,0.0039116428537340955,33.1872190603315,-2.681091994203647,-2.1868421353489986,8.351941609972215,0.0
15-12-22,Bhopal,15.85670516781693,0.0039284695888141714,34.04332505812651,-1.945460029629196,-2.507425635555165,8.897990914934937,0.0
15-12-23,Bhopal,14.714175652423874,0.0034360165986254783,32.64731172575214,-1.3009567391955108,-2.9222293501911643,6.805115303029698,0.0
15-12-24,Bhopal,14.345079552901169,0.0032828966804756324,32.01975200670521,-1.7770280333546302,-2.063065881716227,7.094673209629326,0.0
15-12-25,Bhopal,15.333455553933552,0.003371832159758638,31.104431889910845,-1.861845526239156,-1.2263518074003434,9.886924292548963,0.0
15-12-26,Bhopal,17.62075237633415,0.003202462450955375,24.975929813575615,-1.2063217451656725,-1.5811680246424213,13.310842409729958,0.0
15-12-27,Bhopal,19.33743008985754,0.003828931341450479,27.02249367205997,-0.5143749874651411,-1.872887615211621,12.121405165935274,0.0
15-12-28,Bhopal,20.36083838648915,0.004288350793214659,28.27475067959002,-0.4398816391849495,-1.8619729892314374,12.595734027302685,0.0
15-12-29,Bhopal,21.256060988340945,0.004901577181751944,30.474782485060576,-1.4033337251728384,-0.6345106969205527,15.368455957611241,0.0
15-12-30,Bhopal,21.124005506742957,0.005372818498094934,33.65101691474759,-2.414228218443708,-0.46952954489957166,15.029283338345,0.0
15-12-31,Bhopal,20.690136551921626,0.005244778619288782,33.71857913319011,-2.6275299996015207,-0.8554342218064169,14.053550778648392,0.0
16-01-01,Bhopal,19.553484151421546,0.005215189366270617,36.18890217859248,-2.2860829021867963,-1.6207041442582366,14.246318376383323,0.0
16-01-02,Bhopal,19.08224209188448,0.005335286737488362,37.8955227106325,-1.6987431855223707,-1.0780066217648068,13.045966908820276,0.0
16-01-03,Bhopal,18.92673221875015,0.0048606949587835895,35.17881172903508,-1.316615187051437,-0.3685962802753452,11.441107914134415,0.0
16-01-04,Bhopal,19.570034593489133,0.005209285309758694,36.208410410619365,-0.8825605304520605,0.22088646964036113,13.546352244711665,0.0
16-01-05,Bhopal,19.94118783635501,0.0055395997161560556,37.68167620622691,-0.4573206620871453,0.7107562510331644,14.913652002447987,0.0
16-01-06,Bhopal,20.707770492713966,0.00552845407390685,35.85474323410652,0.4846472624397277,-1.023823446832688,17.006055529504447,1.8419715721629617E-4
16-01-07,Bhopal,20.315674545060673,0.005797132296050107,38.591140171942016,-0.0417270041852896,-1.762696016818297,16.493182977605965,0.003069952620271603
16-01-08,Bhopal,18.96330942280573,0.005524404494542307,39.3510508679439,-0.1315277733368866,-2.2480300989557724,11.858424569775417,0.009658706066864958
16-01-09,Bhopal,17.99626096451511,0.004351165419223441,33.24901605266219,-0.9448856486109394,-1.098374167968827,8.4015372509899,0.0
16-01-10,Bhopal,18.861767391913002,0.004195803153342557,30.422548833759976,-1.032871970071834,-0.2893478932210274,9.524002997876021,0.0
16-01-11,Bhopal,19.40082471454695,0.004838657984906396,33.82404165878529,-0.8959512416364294,0.32138591845927456,12.548981826500034,0.0
16-01-12,Bhopal,20.07959957084038,0.0054166258713945065,36.31168335437936,-0.42859225968393644,-0.1819361819788106,15.112845331147755,0.0
16-01-13,Bhopal,19.700229880997185,0.006025338818635104,41.06843732870853,-0.8681770622143683,-1.0015093359777887,15.892452441115525,0.0
16-01-14,Bhopal,20.610492276370067,0.006706743120312214,43.07885398851016,-2.0160278580101023,-1.4155608240515705,19.728383631543903,0.006061991885975495
16-01-15,Bhopal,18.999125277511496,0.006984112728010897,49.336980057400744,-1.5872653760484468,-1.9018124983629647,18.78248252025061,0.06652354269820396
16-01-16,Bhopal,17.745632204324593,0.007519225128548539,57.66699154004655,-2.6603734204966,-0.9939170273378235,21.001514154034577,0.008591632796785868
16-01-17,Bhopal,18.01720579697836,0.008597682483965464,64.7715881167227,-3.060412996335001,-0.8474142372095989,23.722269145130788,0.3906410910716175
16-01-18,Bhopal,17.484774148625753,0.009231414035656572,73.25922383509354,-2.1422649529046174,-1.996740728574163,22.203184659484275,0.7773031034988924
16-01-19,Bhopal,15.413606180149708,0.006517521406120925,59.631028681064684,-0.1352718461954494,-2.521329545668013,11.209921419206593,0.053327405614865785
16-01-20,Bhopal,14.319979752693094,0.004320625322221594,42.505602889913845,-1.2339225233635651,-1.6691558309979793,6.325880870889358,0.0
16-01-21,Bhopal,14.4975138638401,0.0037235782108536453,35.762568354283566,-1.3419086283936799,-0.5834912636185912,5.141061233598892,0.0
16-01-22,Bhopal,15.17018259288821,0.00338459828137107,31.022112805790048,-1.5521857704346773,0.45426362427641653,5.020532775215987,0.0
16-01-23,Bhopal,16.32367989467737,0.0031580093188241214,26.863205544872656,-1.0389396766666241,0.18675537422234084,5.499013469188518,0.0
16-01-24,Bhopal,17.58199676045883,0.0034369409737450645,26.887155316002804,-0.9404187644803047,0.022563730959252393,8.000497666821087,0.0
16-01-25,Bhopal,18.551143927690482,0.0037542921199238835,27.828133959595746,-0.8435437624072366,-0.3397524905699665,10.155958024164041,0.0
16-01-26,Bhopal,19.36848126620783,0.004188651867546623,29.15072460581616,-0.7288321321923222,-0.8809129216143202,11.579594530851699,0.0
16-01-27,Bhopal,20.293129660960478,0.004886342815959466,32.10706141114558,0.32527057153565886,-1.699258091139535,12.755858544532844,0.0
16-01-28,Bhopal,21.150891968615998,0.006042537096029539,37.8481671213296,-0.7230400822537403,-0.6164132235335913,14.38128197532359,0.0
16-01-29,Bhopal,22.51828629317971,0.006747235178492831,39.55879762227619,0.9932058537172657,-0.39944613013784225,14.93516072578385,0.0
16-01-30,Bhopal,22.260296712787515,0.006557173364538462,39.24177745226922,0.26332994831030615,-1.209285631457094,14.334677960976029,0.0
16-01-31,Bhopal,21.654526213384926,0.007320882257762749,45.06140408634655,-0.9719998892964175,-1.767764401403759,14.709188912780625,0.0
16-02-01,Bhopal,21.075149910624454,0.006459618114338188,41.11127489098528,-1.783269149349478,-2.0548805409169604,13.678643912480776,0.0
16-02-02,Bhopal,19.56061052733323,0.004784651394212531,32.540746197992874,-1.9703478128553857,-2.458595173463789,9.335848761449864,0.0
16-02-03,Bhopal,18.18220592294607,0.00324826825628781,23.981633598908658,-1.680774436392031,-2.0707460531155197,5.16050780760402,0.0
16-02-04,Bhopal,19.531027813009477,0.0035261355929626335,23.993572510314507,-2.5079519660287026,-0.465838191827731,6.923202604842863,0.0
16-02-05,Bhopal,21.912400116830035,0.004807642801580337,27.835614071507763,-1.20044141567516,1.2874154927941193,12.7309940853194,0.0
16-02-06,Bhopal,22.255721260603227,0.005091871063084263,29.605450219174386,1.5576361028577637,-0.7617324944851755,13.689145317831175,0.0
16-02-07,Bhopal,19.794848786201605,0.004252902805486523,29.596439370113178,-0.1470251096615872,-2.7691162057652123,8.09830424421767,0.0
16-02-08,Bhopal,19.78551880815813,0.004237696598778869,29.28130142968198,-1.3760183474719305,-1.4752768950446853,8.50728334969056,0.0
16-02-09,Bhopal,21.338720415084364,0.004236549479366097,26.16792269497302,0.690608474304666,-0.48200456365778266,10.425527365479446,0.0
16-02-10,Bhopal,21.289092064937623,0.0042951716008256735,27.34388386773142,1.4692771458021252,-0.58246441630274,10.454444188735671,0.0
16-02-11,Bhopal,21.30901270675145,0.004432526545810757,28.041262832518193,1.4713456611036857,-0.5620545243219642,10.222167368261474,0.0
16-02-12,Bhopal,21.37848857398927,0.004259716176541398,26.036198350855813,1.802631012433484,-1.2064998018409663,11.274394671526059,0.0
16-02-13,Bhopal,21.794596466333264,0.004541524069479057,27.210696584042815,-0.2612506297236289,-1.9770417876688628,12.511060513091603,0.0
16-02-14,Bhopal,22.85918157701571,0.006422846420484846,35.75530424342569,-2.9184257967979166,-1.1246097765176832,20.196350339810216,0.05254276800068754
16-02-15,Bhopal,23.348305020293587,0.008982740925403495,49.6907106225245,-4.54519848596935,-1.6281010397827187,27.27438003184188,0.15658515669487647
16-02-16,Bhopal,24.465242438587726,0.008969573167174472,47.90666154067368,-3.822074982653773,-0.16856961099189252,25.0133853389561,0.07989752727845742
16-02-17,Bhopal,26.472959490390984,0.007131556195218297,33.45483200223788,-2.644628781853856,1.1969122334429492,22.613656361655487,0.0
16-02-18,Bhopal,27.445167541245464,0.006798740713361008,29.733611152706754,-0.5511970574179078,1.095035330109979,23.538330352221557,0.0
16-02-19,Bhopal,27.503124786650904,0.007829875098869881,33.49041804529948,2.0272026952549496,-0.940293000708066,29.318773877895296,0.0
16-02-20,Bhopal,25.887231385223263,0.007805010827408401,36.18393313985691,0.7119048367412415,-2.813831664756859,22.628053469517766,0.0038321477116204207
16-02-21,Bhopal,24.28339401402772,0.0043174306540593,21.71582228365306,-0.009229969707493374,-2.9082150924345105,10.524379841751117,0.0
16-02-22,Bhopal,23.506194973767304,0.0025297177101549395,13.437165752537851,-0.5977235631305433,-2.449883507738656,5.916605360427401,0.0
16-02-23,Bhopal,23.619629227113606,0.002285690576949181,12.296415766766723,-1.5267252827047901,-2.1714015477381508,4.866503735777081,0.0
16-02-24,Bhopal,24.860111200131065,0.0024024082597055734,11.982291837280922,-2.3795589297185815,-2.1726401113683145,7.659027898244985,0.0
16-02-25,Bhopal,25.337732073801977,0.0035981071270977205,16.881625064262526,-3.2632597850335614,-2.7822420611778966,14.235797978241024,0.0
16-02-26,Bhopal,24.597594039291558,0.004036125396947401,20.603256557591074,-2.3510731587057974,-2.817215807039321,10.716961158939249,0.0
16-02-27,Bhopal,25.042402997960256,0.0038929548923066657,19.325690529755946,-2.653115831990032,-1.604313563245748,10.530951645134426,0.0
16-02-28,Bhopal,25.814672461434757,0.00411810457817188,19.55157976318908,-2.5156562811119114,-1.197292273817813,13.677437120639695,0.0
16-02-29,Bhopal,26.902867132796825,0.0048596446079852765,20.705659678978165,-1.977257962028225,-0.4096500171478355,19.19604960136459,0.004111619281480315
16-03-01,Bhopal,27.836478999378237,0.004969156377640114,20.392564801161043,-1.5462103753805292,0.8700300428642419,19.4400303549156,0.026893207839215966
16-03-02,Bhopal,28.468676515775634,0.005105858607928741,20.610101610462515,0.06031461801256247,0.24248305786367746,19.90276119932734,0.04054666408870828
16-03-03,Bhopal,28.55029553552953,0.005982780154222,24.155683026485008,2.186971905895818,-1.0224260841786144,21.375140064474206,0.010457317070053703
16-03-04,Bhopal,28.321109811529553,0.006774744713066278,27.720448511705648,1.8757344171843209,0.22181381077464948,22.976150047972915,0.06145028682477043
16-03-05,Bhopal,27.706007709735772,0.006754432207652602,28.601622232011334,0.25448127745629096,0.7095962334613155,23.698471723452492,0.08375021146680892
16-03-06,Bhopal,27.340265188501455,0.007320522554269446,32.35174093338936,0.3449235632828312,0.4980807385993723,22.759373222020905,0.05099508777335866
16-03-07,Bhopal,27.601966147564934,0.006225842489648549,26.810485010527497,0.7725920860573103,-1.3788124261031003,20.839941569298585,0.013613863700934868
16-03-08,Bhopal,27.963869210891925,0.006636563618428835,28.03740522105923,0.27490493259913235,-1.4880392172950467,21.004302521910123,0.0
16-03-09,Bhopal,28.434751991075547,0.0066488230748779275,27.386738265109905,-0.06590172540260633,-1.769331981784864,20.08117199816355,0.0
16-03-10,Bhopal,29.44270754803809,0.006550047466786784,25.54160781150184,0.858712715975802,-1.254046169856759,21.416620452108422,0.005230564028743987
16-03-11,Bhopal,29.631201929257806,0.006689445764191707,25.9045609887336,1.3810611190257795,-0.7648255240253308,24.09668911761304,0.2489811957964524
16-03-12,Bhopal,27.32599223829543,0.00786379171649895,34.53680197038464,2.172696626919787,0.4535338235966565,24.646756815797268,0.6233058105584353
16-03-13,Bhopal,26.32794113185025,0.006700139561556277,31.40985410222354,0.37803098627745974,-1.4168230934394854,18.620215436812174,0.12861174646962806
16-03-14,Bhopal,26.36480333656477,0.0056244786040724765,25.803377395096998,-1.4538930919039745,-2.3332636298266776,17.537968243868534,0.0
16-03-15,Bhopal,26.373914639542743,0.005103723203055803,23.2517259732333,-2.9739862153185768,-1.5569994614398759,18.835749459884514,0.0
16-03-16,Bhopal,28.730353058579812,0.005445563676763108,21.20298773803443,0.5717331310810657,-0.06823191356319595,22.472243793187584,0.0
16-03-17,Bhopal,29.949391842922214,0.007233210337714013,26.413506119756843,3.5342184650688213,-1.1862137658435328,26.28836419138562,0.0
16-03-18,Bhopal,29.790083852628378,0.0063466967875360734,23.55125377949095,4.288998680847045,-1.7869395317245074,19.184485355488007,0.0
16-03-19,Bhopal,29.816029916029304,0.004753685305070336,17.661638620039472,4.481878077397425,-1.5582157905370255,13.846830730334043,0.0
16-03-20,Bhopal,29.440022248627365,0.003973951671944665,15.133185422254934,2.019508335557849,-2.8968586256254896,11.134303226249246,0.0
16-03-21,Bhopal,28.548986076081015,0.003390003728920202,13.493324710333816,0.2425480533841518,-3.5808912593906688,9.129228267283619,0.0
16-03-22,Bhopal,28.698094941477788,0.002493524027839128,9.904816841509767,0.2542602428394672,-3.0757519625976215,6.031783641757681,0.0
16-03-23,Bhopal,30.434693005414506,0.002064001047724966,7.548096745459206,-0.7240286065354818,-1.6598725102996523,6.313137385045205,0.0
16-03-24,Bhopal,32.099591774410655,0.0025261337054218384,8.537243972656123,-1.845409004686231,0.42416729497376876,8.778595159521837,0.0
16-03-25,Bhopal,33.10578504913866,0.0033710460335519537,10.720297860228998,-0.6530203962130147,-0.4658248488677947,14.772324086245158,0.0049606199635932255
16-03-26,Bhopal,31.365199691622546,0.005603825224323391,19.59714847101469,-0.9140269069261673,-2.9333048941660453,21.083862970858245,0.14484459709979153
16-03-27,Bhopal,30.86282948982423,0.00619175775783927,22.424955947410442,-0.5641283332950325,-0.8477650521068958,19.455809960318454,0.08886115331208898
16-03-28,Bhopal,31.19958277162173,0.004178828210781887,14.558636364332703,-0.33687817052860597,-1.8040703011460242,14.989615319321958,0.0
16-03-29,Bhopal,31.617392850503666,0.0039126987249729975,13.216605489412295,-0.7427036615447371,-1.7447782859369385,15.42452387679318,7.185806036165847E-4
16-03-30,Bhopal,32.320006945333496,0.003722106744995289,12.050413037642716,0.5813533086090716,-0.6209942268106399,15.355310205440857,0.0
16-03-31,Bhopal,33.20857106224307,0.003981972084665455,12.06514248187303,2.633154154247475,-1.9907022413594504,17.331053380518746,0.0
16-04-01,Bhopal,34.32083146333047,0.004936251359438677,14.07841104622375,1.377001574507993,-2.3316543365424556,20.75779168970055,0.0
16-04-02,Bhopal,35.6069722379772,0.005629532592986151,14.962491788999824,2.1563928612261956,-2.2397075655961554,23.304150142240005,0.0
16-04-03,Bhopal,35.19047588487948,0.005581864279451218,15.066721971341101,2.9266829091189863,-2.9529828603834445,24.044008682333036,0.011057545998482965
16-04-04,Bhopal,34.108286001236436,0.005648638708464505,16.291855344604347,3.6825911718481263,-1.027714444355647,24.215894215354112,0.03870596240539935
16-04-05,Bhopal,33.4732931213327,0.005667242620380953,17.149735678360873,4.756532752114098,-0.6105436888413925,23.391669160386087,0.03534806943168078
16-04-06,Bhopal,32.59597205056083,0.005390468831016923,17.07971530456126,3.6926375309359987,-1.2900484532335845,22.287413626949636,0.014230183193044922
16-04-07,Bhopal,32.3777487184943,0.00525155601530784,16.793599950084033,3.4923659084991967,-0.47615407811779703,20.816961314781572,0.002854209024614344
16-04-08,Bhopal,33.2220135578941,0.004398032155109229,13.272256318187003,3.8596073878653914,-0.8421313748782898,18.82165096231754,4.234417249526839E-5
16-04-09,Bhopal,33.80180973257151,0.004574032518837396,13.248223880098926,4.119021756261547,-1.2692693205790715,20.769002292295138,0.0
16-04-10,Bhopal,33.64155004379871,0.005354697946183397,15.686066977094182,4.2796079980831845,-2.2185579212847784,22.635404360165115,0.0
16-04-11,Bhopal,32.50498415435232,0.004827958871804094,15.038349243360482,2.7499747476518817,-3.025316665532082,20.08799997678779,2.5470019755903934E-4
16-04-12,Bhopal,32.41630020542195,0.00403271247253032,12.735924995617895,2.343974581015183,-2.858355490664471,13.984707630464055,0.0
16-04-13,Bhopal,33.573371186553615,0.003900695191450007,11.630435082667725,3.2082032581154705,-2.0610498758039224,13.117630186139893,0.0
16-04-14,Bhopal,34.85551492670363,0.0038557563790375805,10.739490358143803,3.5314868333289486,-2.0336883420521454,13.77760862175446,0.0
16-04-15,Bhopal,35.502749093890486,0.004197063949704454,11.440654826105689,4.567793761854511,-1.4170828777797841,14.421898544803868,0.0
16-04-16,Bhopal,34.94843117499415,0.005043446058105937,14.033013844292176,5.556655734802689,-0.8580745890183527,18.221862625381164,0.0
16-04-17,Bhopal,34.75706402241051,0.00580231459543618,16.393538518700254,4.69288077295523,-1.7808506495581868,20.252375892567926,0.0
16-04-18,Bhopal,35.25519958847582,0.004771218127983942,12.997573883290375,3.4706759548526467,-2.4888545377420153,19.17279633853413,0.0
16-04-19,Bhopal,35.9185847664913,0.005471889894074089,14.11244734299942,4.572869975541321,-2.579405429548247,23.061266019475973,0.0
16-04-20,Bhopal,35.699859602083016,0.004680438553654939,12.016884909311766,5.072304653671386,-1.8753634864121072,21.706614522692472,0.0
16-04-21,Bhopal,34.71534925721847,0.0045195427763365,12.852701778314138,6.931359529015697,-0.6214716568075594,18.187845394762387,0.0
16-04-22,Bhopal,33.8735938909577,0.005437443746929941,16.184239756502713,5.55580208575308,-1.5742737646987612,20.84289922367347,0.0
16-04-23,Bhopal,33.619960847327356,0.005209229209098768,15.369707211778877,4.168674105005706,-1.7229919923085082,20.887703578686974,0.0
16-04-24,Bhopal,34.628309150116856,0.00497122425536838,14.01362870729763,4.177314435725598,-1.5053097071638142,21.973818933192472,0.0
16-04-25,Bhopal,35.9283416300931,0.005326476182528056,13.873835790367306,4.093022205528669,-1.895628985135965,25.51640662789183,9.231029603968509E-5
16-04-26,Bhopal,35.58093228482293,0.0046927033342662955,12.418203975359193,4.230298214459536,-2.161780312590039,22.071905026833218,0.002053057209466808
16-04-27,Bhopal,35.59588828422833,0.0037171946012844524,9.861060443720438,3.45436200751547,-1.382459316827558,16.418847703937754,1.3846544405952762E-4
16-04-28,Bhopal,36.02385029211275,0.0031731325394542508,8.162644112073792,2.9038301729339633,-0.8466660126027928,14.553125277706764,0.0
16-04-29,Bhopal,36.39641073635275,0.003037129203142539,7.775173750350146,2.7167443074519046,-1.4820521744004411,13.220189920568533,7.219681679397356E-4
16-04-30,Bhopal,36.91211650016183,0.003244601033070479,8.234569920348079,3.5326978765149017,-2.3858891746929114,13.9716508336022,0.0
16-05-01,Bhopal,36.63277415376366,0.00519377908133456,13.130214942725209,4.559526694515312,-1.0673293305754106,20.545871823743433,0.01032605023576208
16-05-02,Bhopal,36.3827429176992,0.005995536981015478,15.162872921180758,4.489792204123788,-1.8494725510993686,24.233215126685977,0.023755716366032745
16-05-03,Bhopal,35.33264861236094,0.006451928825642147,17.622525289957604,3.410162519274891,-2.0887821367214205,25.061416423215775,0.16970824483999897
16-05-04,Bhopal,34.924382522241835,0.0070698310745878285,19.98661744855041,2.7731450490279976,-0.9088010016427238,26.07823124338133,0.34894499888599134
16-05-05,Bhopal,34.6818293223859,0.006100728392772087,17.128792251816122,3.0788716605857283,-0.6339032718490826,23.522959352428025,0.0928779213345306
16-05-06,Bhopal,33.87050492627832,0.007273154866015336,21.48700710064996,0.8253137573510609,1.1552451417455198,26.357878505537503,0.13047764062974385
16-05-07,Bhopal,34.615235478962006,0.007293684168938099,20.532704875902922,3.5874014662875338,0.6645128181203255,26.269415160989368,2.3585703902402106E-4
16-05-08,Bhopal,35.28241585819376,0.0073117204783433865,19.83011128052786,4.0605692367401,-0.3844160624199814,27.778085166240125,0.13028327951953572
16-05-09,Bhopal,35.607003918572794,0.008421958641305743,22.570291704056544,3.2902275289454295,-0.5698886223693507,31.596856457592672,0.21076388557193557
16-05-10,Bhopal,36.6444988564747,0.007919428163239381,20.15921657607161,3.9469744226369037,-1.8029818347115592,30.747644005267603,0.04300855277096702
16-05-11,Bhopal,36.6654134227008,8.668938297629644,12.540407613838513,242.03413992280002,16.735681528605607,28.79573635236035,-0.9702910932691828
16-05-12,Bhopal,37.411899181950034,0.006282974089216078,15.137493962941935,4.4783012628262515,-2.3317013359327716,24.813751643064226,0.0010276930664207275
16-05-13,Bhopal,37.43025336071725,0.005721139750932564,13.808920045905722,4.430366586956894,-1.6095485804708745,22.07330450766939,0.0
16-05-14,Bhopal,37.62249070363959,0.0058440843729835774,13.907247470161776,3.441056828200848,-2.132442357418709,22.988516681360686,0.0
16-05-15,Bhopal,38.244986376206704,0.005828769738235157,13.32640180394538,2.6236309466946564,-1.9643408748492626,24.069150504421415,0.0
16-05-16,Bhopal,37.704869014202394,0.006753934455142977,16.086581435811713,1.6420032703256577,-1.5624294648810053,25.64593746862437,1.323255390477137E-4
16-05-17,Bhopal,38.490555493553785,0.00523406193968821,12.048359392236081,0.5330807402922673,-1.7912827746906437,19.198833735755624,0.0
16-05-18,Bhopal,38.31980168955109,0.0066254863572165895,15.387635767157,-0.4185073517678907,0.313738766071558,21.067052385772307,0.0
16-05-19,Bhopal,39.250512358037405,0.006189037353822909,14.16075564118299,2.1040330160268663,-1.2140292409775661,21.95480637732883,0.0
16-05-20,Bhopal,38.95261879186964,0.007857069778967546,18.19887391196155,6.696574829385499,-2.664725761850868,26.266012877548935,3.986703909048306E-4
16-05-21,Bhopal,37.125043978600615,0.010182971657024047,26.009839105896834,7.799384979304017,-0.38206744460878966,28.244351639374486,0.0
16-05-22,Bhopal,36.40032503831029,0.011390304589696683,30.210914700234,7.463003726479243,-0.27579500653970607,31.58733746086356,0.0040233315882064165
16-05-23,Bhopal,36.18027120011283,0.011180384215983361,30.099200185539758,7.093171209589703,-0.38672403501110725,31.146113335399775,0.03921536164862882
16-05-24,Bhopal,35.732627497520525,0.01132390174749645,30.914221818268615,6.551834611286035,-0.5213380606329117,32.73356891631434,0.21611132134715294
16-05-25,Bhopal,35.52113722307569,0.012361868311626837,34.04627430481397,6.139708532758693,-0.24081300270628045,34.28377215818661,0.2342858661370693
16-05-26,Bhopal,36.33872014694418,0.012223356537552275,31.92480575937404,6.58632458573293,-1.3679956019982467,35.95429656640462,0.03022823477786843
16-05-27,Bhopal,36.17817837539402,0.011471225548695143,30.186818727794375,6.541931377688477,-1.044580981235299,32.155109389324174,0.0011341887296932726
16-05-28,Bhopal,35.57039479356468,0.011615923229737625,31.24762494938807,5.989006896311453,-0.4203685969140726,32.772169922142815,0.03779598547961736
16-05-29,Bhopal,35.385494670635296,0.011425863328985465,30.98702418632543,4.768789702818191,-0.5230955551437189,35.10402756679026,0.05740557206271855
16-05-30,Bhopal,35.586422209235685,0.010418878881236143,27.724947602425,4.107168781908427,-1.178540370982608,32.42507270430808,0.012459984773839064
16-05-31,Bhopal,36.84448869415735,0.009144639827408919,22.503641954989124,3.703115392098996,-1.8536739421563238,32.23164867224086,4.7234925226911624E-4
16-06-01,Bhopal,37.150284832796736,0.008943950942398693,21.633221480621874,3.8888282512578365,-2.8175873758591083,32.62092919268097,7.924712024459383E-4
16-06-02,Bhopal,37.56353761161243,0.008482635922048199,20.056066111255138,2.8534632587772575,-3.375565007058456,31.471094261380397,0.0
16-06-03,Bhopal,38.557008225484886,0.00782060848092654,17.695482161188835,0.4396620840655272,-2.747321036266364,29.68001399227597,0.0
16-06-04,Bhopal,37.78829978255396,0.008743962765094994,20.52772945428121,-1.3657661875543312,-0.27664358132598643,31.553640029860055,0.009760331970748054
16-06-05,Bhopal,38.32374882995272,0.009053623793340432,21.053652536901353,-0.8739119398571771,1.1578554443638094,31.93580693668789,0.010106072001737168
16-06-06,Bhopal,38.595807826680506,0.008731302920506738,20.021915558715495,-0.1787787890294803,0.9710884344485872,30.799166271760857,0.0040561483485096065
16-06-07,Bhopal,38.70840483797272,0.006826216581713792,15.414299917324044,1.3515186407220001,-0.8261890072093332,27.225406925691175,0.006838584122838589
16-06-08,Bhopal,37.797609613904434,0.009152874535325565,21.803521303121798,3.8647113304660463,-1.0991177329402209,33.44092842460002,0.060185679851147485
16-06-09,Bhopal,36.54636669068476,0.01207850664222441,30.78117000511506,4.3783465659747165,0.8249730930262501,38.37307616410056,0.1321917366186207
16-06-10,Bhopal,36.43083702813639,0.012929633808210885,33.5759830388031,5.854573878896269,0.3546697054973467,38.242918664685426,0.047940592488599255
16-06-11,Bhopal,35.69342432732825,0.013462032176134444,36.0537987380493,5.926524472503662,0.09595147172662809,40.30414832074468,0.025573763184610316
16-06-12,Bhopal,35.546480754268174,0.01277808970283314,34.65548415062065,6.047014602856222,-0.6618182458217192,36.30197179620343,0.06655339613472627
16-06-13,Bhopal,34.864150873432294,0.013245532355281692,37.38740105983526,6.920218561006191,-0.2251128433734039,35.02568877441934,0.004361873315333333
16-06-14,Bhopal,33.81431500608035,0.013968044002295116,41.354076272588436,6.473008405361678,0.6066376457740045,38.5795972207536,0.02799669718534685
16-06-15,Bhopal,34.18156432562726,0.013778457659078059,39.93823958836436,5.497989593760229,0.7598765492533915,42.86811355386324,0.026994410533139983
16-06-16,Bhopal,34.52121826019389,0.013277793351224362,37.48135439655807,3.1870121285116624,-0.7015654442693137,46.428121629365414,0.26733189166608223
16-06-17,Bhopal,34.721997238820784,0.013494692051391683,37.48940399446622,1.2023221336176662,-1.7403027249337202,51.86849681205219,0.5659258554872254
16-06-18,Bhopal,33.72940634427676,0.015324464373505542,44.831991791927074,-0.2410098987062122,-0.6568828193201645,57.617215793145704,0.6947122676831828
16-06-19,Bhopal,33.54652489788809,0.016121795611664415,47.37638958069044,-0.3552470702962221,1.8621288182332687,56.01154379647599,0.6421847394858436
16-06-20,Bhopal,33.15489497456122,0.0168626641331603,50.939889195246415,1.3013359303574354,2.4778094832538318,56.99548056269402,1.1256260487209497
16-06-21,Bhopal,32.32818426065004,0.017245406962597996,54.73375988644635,2.6392288489813334,1.6884961043994262,55.75246320838527,1.5341243096221102
16-06-22,Bhopal,31.79809436927318,0.01771520387246759,57.53790975780022,3.174352274379797,-0.04828632968097899,57.3630215822035,1.3154162538383705
16-06-23,Bhopal,31.35511243349813,0.017872261759049893,60.09300356651064,2.848581827018304,0.5326388764330726,55.64791538326074,2.879066330464066
16-06-24,Bhopal,31.642225594766074,0.017371990543324504,56.991671821612336,3.4794274241685437,0.3714206346107106,54.59428219856608,1.668704037799421
16-06-25,Bhopal,30.423918220473496,0.017794713052920366,62.721306576234525,3.018179346021103,0.4430496205624191,57.25959390951042,2.307514828063214
16-06-26,Bhopal,31.445004285900236,0.017671906086545234,58.31144651617138,3.1967540353531563,-0.744754600634645,57.675502494179455,2.1630655004245627
16-06-27,Bhopal,31.97076566729763,0.017865799194954117,57.31676292031761,1.7612514431668955,-1.4352660992439206,58.59693932694794,3.0215976470372707
16-06-28,Bhopal,32.42446645010453,0.01828806716504697,57.3637290201213,-0.9707183516936106,-0.6122694198099494,56.67420677061326,2.4325012736333074
16-06-29,Bhopal,31.864367898951357,0.018933192655891506,61.29460844106791,2.22983693577648,-0.5348193864214664,57.82698247717003,1.7970212825743868
16-06-30,Bhopal,31.008010796156668,0.019560952504885726,66.32725824613557,4.138041284895656,-0.5215372918514004,60.05203534456773,3.0680358649583583
16-07-01,Bhopal,30.14581393652815,0.01928002449294532,68.49162580771498,3.705476699425046,0.9165972001398035,61.55407230551974,1.765272708588444
16-07-02,Bhopal,29.134849314185658,0.019523486564307205,73.66031011745214,3.1091096404371066,1.6109150213673777,63.83010582839893,2.6893735390756253
16-07-03,Bhopal,28.580048958848156,0.019654815503412495,76.32018687925363,5.269448350016812,0.5278755834011132,62.850195659693014,2.165645769177409
16-07-04,Bhopal,28.451348274122402,0.018992771154187866,74.26135375926165,6.04384133624554,-0.07925346999260066,59.51589253795179,1.6206176135344583
16-07-05,Bhopal,28.254314200083407,0.01850432562300283,73.16393267785307,6.639605189615551,-1.4945663587415945,60.83794343180773,3.915204594941719
16-07-06,Bhopal,26.673487966687375,0.018576730569522654,80.56615369478214,6.609436886329556,-2.115407735005731,65.6703562885119,5.85276093582612
16-07-07,Bhopal,25.3817832195985,0.018379564451379955,85.54768959051226,6.525827677562066,-2.396126946847038,66.28500949528805,4.99340052747072
16-07-08,Bhopal,27.336352401697216,0.019925630818386775,82.58632855145589,3.9304982988939696,-3.8563195674271293,66.88051883379619,6.564278076412624
16-07-09,Bhopal,27.689614326068696,0.020149038331081514,82.05347588997547,3.3276076969853254,-2.9383944537411573,65.52726678021233,5.452649293099581
16-07-10,Bhopal,28.56527965282037,0.020330811454078467,78.6874440981928,1.5157951902806206,-2.2069039628391414,64.14878158881089,5.616213398905352
16-07-11,Bhopal,26.90715401579694,0.019619226984802424,83.59369029876017,3.7731568862828886,-1.3905059824020791,64.35895063035534,7.303166546618839
16-07-12,Bhopal,25.797520547442968,0.018561341218842946,84.4693717928275,4.99454214710749,1.1767987543918148,62.92239036065776,2.0613776899666854
16-07-13,Bhopal,26.698228864876558,0.018661638046717364,80.67958524354752,5.210181329878889,1.344625644091227,63.37471520351523,0.23474551391063622
16-07-14,Bhopal,27.04260235789023,0.018568224864059093,78.72239081299077,5.209093504166357,0.9684296436614147,63.51648998947001,0.712287443260543
16-07-15,Bhopal,26.866638403016378,0.018302984363792223,78.63020140118392,5.199078260860367,1.5185342248928921,61.988739480494154,0.9649678295671303
16-07-16,Bhopal,26.60088729121821,0.018315891029704722,80.1941476108905,4.489133537037747,1.4601871233767036,60.5947246948878,1.024258990427397
16-07-17,Bhopal,26.589329641750513,0.017671722076749014,77.77297950533992,4.534130371147944,1.268874039857864,58.61951288871647,0.2164435139902584
16-07-18,Bhopal,27.17899885319759,0.01777696324662062,75.35816324766735,5.052109253201583,0.7325139526318951,55.24547623594602,0.19605458462355296
16-07-19,Bhopal,28.30123942111565,0.018200119968803743,72.34751971086189,4.581426264551596,-0.14608972501834705,56.70555633314578,0.728310686570561
16-07-20,Bhopal,29.200581302229295,0.018155761540236095,68.40351585409827,3.4393668821709973,-0.4296434495875629,56.88582390361039,0.7034455549534957
16-07-21,Bhopal,28.74343377891271,0.017931950151990353,69.5519003736456,3.3402122806255354,-0.39692347142466017,59.3716895725669,1.6640229162354752
16-07-22,Bhopal,27.814446130483773,0.01871117564912969,76.35456391700563,2.5132905065064586,-0.8952915212813449,62.42773826262816,3.55530870861584
16-07-23,Bhopal,27.428724794465293,0.01951249947215665,81.23340398627178,1.7573402840248271,-0.0028460967163366083,61.08221141867908,4.74104280412459
16-07-24,Bhopal,27.21406653376832,0.019375419370542664,81.7932396483942,1.525770506565939,1.7484271341383448,59.89083422308813,2.194619236564702
16-07-25,Bhopal,26.587638612216427,0.018816024376493067,82.3299638470228,2.7304752913370254,1.9681462255163127,59.147639235875,1.5736628965990673
16-07-26,Bhopal,26.53614791863634,0.01891554952278052,82.97606433509067,3.3281110677441412,1.4318615098097576,59.6862560670832,1.8552459886674908
16-07-27,Bhopal,26.266788671660958,0.0186279674545591,83.0484748374122,3.792424121265877,1.3576963820866854,59.45679910356166,1.1644645348080145
16-07-28,Bhopal,26.28701444571049,0.01878757618721573,83.57556308560547,3.941169561153143,1.014674566556647,60.00042518297178,1.3836388156771697
16-07-29,Bhopal,26.081375567379883,0.019008438996257614,85.34811413928226,3.7363205351787645,0.47259286946963913,61.11505937318221,2.228054332266645
16-07-30,Bhopal,25.467201147964946,0.0186126301639174,86.47322892814755,4.426169131763958,0.29809831596835035,60.941020146223615,2.5502918817396347
16-07-31,Bhopal,24.90138407359409,0.01832989327372416,88.1072857645255,4.644624557279698,0.24935985460289584,59.77658940810836,2.733891385893458
16-08-01,Bhopal,24.905796348163005,0.018346297821034543,88.05353572451902,4.830758362838205,0.26318834836992305,60.072394334524994,3.740289587450288
16-08-02,Bhopal,24.92428702381316,0.01830082623813726,87.83853878561207,4.7390350067859295,-0.06756512515883496,59.89818870706849,1.2616424510752993
16-08-03,Bhopal,25.030631240073873,0.018606979990466167,88.6524961187768,4.852925199709075,-0.15404934889794994,60.91062572942742,3.0087429964923245
16-08-04,Bhopal,25.25035901188663,0.01855381457639625,87.31135098379485,4.817153743728731,0.7354414655431114,59.53676309672798,2.0771418345804418
16-08-05,Bhopal,25.113150696674385,0.018253980473647298,86.70913192368924,4.593130389815193,0.918974280347321,58.18840473890305,1.91490832152176
16-08-06,Bhopal,24.54963379220916,0.017961287277275934,88.29344275606717,5.129881359432368,1.6953490339370672,58.63212017897263,2.453615299682272
16-08-07,Bhopal,24.58675162802594,0.01785517443961471,87.68439828531349,4.706695836243726,2.1668852433902273,57.01041098932706,2.036753738242541
16-08-08,Bhopal,24.611695905362147,0.018059909172828716,88.43838135383376,4.721569527723114,2.4944838516907133,58.2475710522139,1.1415888224844704
16-08-09,Bhopal,24.19600597898391,0.017812775743669268,89.37683552477664,5.176462721496231,1.5558188797829229,57.98215167172286,0.9835908566391259
16-08-10,Bhopal,24.349510235316938,0.017902687058422066,88.98434595653522,5.3839197903554785,0.5416242896438359,59.12392604642924,1.2005075240189484
16-08-11,Bhopal,24.15159152403855,0.018103614567893205,90.97680524326854,5.708563041797559,-0.06163001769940543,61.49436227494094,3.0403288123354044
16-08-12,Bhopal,23.88586771687009,0.01785117335001448,91.12604022182707,5.234937563098803,-0.30924759084552234,60.69988755550744,2.32879491660791
16-08-13,Bhopal,23.945080661782942,0.017847750326769763,90.79894599162418,5.171008581462716,-0.21653135755226532,58.45166276464345,2.090683794768249
16-08-14,Bhopal,24.272391811060213,0.01806704084358113,90.06002476115513,4.992901117992437,-0.7593497822818898,58.811691376144836,1.9459809201665084
16-08-15,Bhopal,24.47194601257506,0.018094516753663942,89.08185303953877,4.923909061057081,-1.187283308117042,56.598396993918556,1.8357145042579384
16-08-16,Bhopal,23.845775128159435,0.017772027563733382,90.89633637701637,5.218380247868371,-0.35133910710497146,57.434148004829694,3.3182111896926387
16-08-17,Bhopal,23.909499513767358,0.0178104107657364,90.83480344443109,4.8728818004147305,0.3566655659418716,57.79700970469406,3.651860677866026
16-08-18,Bhopal,23.863451948849526,0.017862227880372783,91.3594148269018,4.946085236733768,0.1378160706966678,58.630926050990965,3.2429405835794167
16-08-19,Bhopal,23.997736102652762,0.017996338027124352,91.30926755573873,4.676884613252613,1.511077290230565,58.71561065705844,4.2064556439897824
16-08-20,Bhopal,24.274483000296996,0.01803893369789063,90.18265141313165,3.783691713851903,1.7525398745229563,57.39087630901609,1.004815323321529
16-08-21,Bhopal,24.945192278957567,0.018558732925323985,89.26918667692344,3.267839354451398,1.020625760101701,56.19927195164202,0.7917165131017474
16-08-22,Bhopal,25.36211135300435,0.01882797695923555,88.37431115194337,2.9440173058056915,0.5870052827937969,56.12178350274223,1.0731981875536407
16-08-23,Bhopal,25.997356572595777,0.01910106496215976,86.43850050085342,2.5210574493789464,0.0050685027222872325,56.01347858039953,1.044534308682608
16-08-24,Bhopal,26.33824036367054,0.01918676803102073,85.14024953579359,2.580395965142329,-0.3041816886374623,54.76447252620705,0.9809304952706004
16-08-25,Bhopal,26.543732189758067,0.019325268687878455,84.67986584969651,2.3856167241668405,-0.8147077965780551,55.795394498811916,1.3340161381526547
16-08-26,Bhopal,26.435593103708936,0.019594929218314686,86.3521590165288,2.143575184111268,-0.7122749864063794,56.28962056877753,1.7774808195558423
16-08-27,Bhopal,26.326336665179735,0.01939539555381278,85.95841127588969,2.9316038960760564,0.03914645904154669,55.3988148222198,1.0107678947206136
16-08-28,Bhopal,26.076687819909605,0.01899190831249206,85.41394126304247,3.661705062245975,-0.07971752812345313,54.82432867333893,0.7149156501718782
16-08-29,Bhopal,25.581164959929126,0.018575038413530955,85.94230895184754,4.142113770634324,-0.03251980698618899,53.74483567407246,0.7548973049628188
16-08-30,Bhopal,25.29844459333379,0.018431891137742698,86.73336871674097,4.33608858131345,-0.19204191090508232,54.289205698764455,1.027363805348004
16-08-31,Bhopal,24.721342445010578,0.017945036129473797,87.51642223860729,4.481799269693286,-0.3256888193289907,52.34011221120209,1.7524959397020885
16-09-01,Bhopal,25.042979924596484,0.017658336670181962,84.60202516287164,4.470585725968213,-0.42204562676186597,47.66689286307894,0.34756217630155684
16-09-02,Bhopal,25.002098297915225,0.017320629857361623,83.33171518895008,4.0599697999948825,-0.48029170562507995,46.70004135763563,0.33907649321153127
16-09-03,Bhopal,24.837697190160323,0.016952220663411375,82.57050177271256,3.8606191072253564,-0.5663454232629107,42.52942782445212,0.32129431723744384
16-09-04,Bhopal,24.890086160695315,0.016953114047133122,82.34934828824142,3.956797376758813,-0.8278437061683284,44.149668859165416,0.30530817522785325
16-09-05,Bhopal,25.098503405242443,0.01680904227115602,80.74617740523726,3.8610601753061835,-1.0968983575413283,43.606316769099415,0.15423762820069511
16-09-06,Bhopal,25.599615182000413,0.017223715855778025,80.2532646022744,3.343954371160827,-1.2258798492146137,48.2443665796551,0.2690976130467091
16-09-07,Bhopal,25.869515624319618,0.017603210413779057,80.525223088216,2.734814956625779,-1.5104687310391103,51.41700598421439,0.5824181717770347
16-09-08,Bhopal,26.163727703002632,0.017726410877476798,79.67182808090618,2.4764280540646006,-1.7903559903929909,51.43928764131372,0.5746836497861093
16-09-09,Bhopal,26.090895031034602,0.01771378286273697,79.98005712309549,2.1509723985010054,-1.9265102699394971,50.36784526880984,0.6061331371659557
16-09-10,Bhopal,26.325853159784305,0.01746016644165594,77.77788947007903,1.959018955652732,-2.1271898025151077,50.104459764525686,0.5742908562418441
16-09-11,Bhopal,26.69996501519075,0.01753182794656541,76.34115859058119,1.3184674263824543,-1.983265802170615,51.33575627980847,0.6982744192024104
16-09-12,Bhopal,26.912171069677363,0.018166577592079788,78.04026383156472,0.6899983310688547,-1.4739927160941602,54.32974483789219,1.0090602366371189
16-09-13,Bhopal,26.9893468977261,0.018751656869537798,80.1587238845775,-0.0971430497475571,-1.6432661190247226,55.53985439655933,1.5814658584179182
16-09-14,Bhopal,27.18323837678949,0.018448449324571625,78.14826389357215,0.4484880079619494,-1.3690630443909086,53.16644394062466,1.2557834581336875
16-09-15,Bhopal,27.455812912064868,0.01858961362378107,77.63750284658327,0.6161381090379446,-0.57666709718719,51.9768817239531,1.1280078765262735
16-09-16,Bhopal,27.543136837965267,0.018494183335486542,76.84148649784856,0.6752793524911452,-0.602826858715971,50.50146785495941,0.9187557399398683
16-09-17,Bhopal,27.512760827013516,0.01844855296819141,76.73002699291375,0.23941404979268274,-0.30351097944766153,51.03412287000346,1.2477971890250568
16-09-18,Bhopal,27.371646104748827,0.01807746863786977,75.87568669390488,0.8666893793021049,-0.3699051163280046,48.37294903129345,0.79116351467165
16-09-19,Bhopal,27.539421291228734,0.01790112698319571,74.51843440100498,-0.37687336604232197,-0.41104410889360654,48.43280973254587,0.4949083924597955
16-09-20,Bhopal,27.11159383381087,0.01802382405382574,76.82893165165027,-0.650627629394408,-0.5390153084961584,49.89293111666634,0.8287497075732149
16-09-21,Bhopal,26.357123433793145,0.01836827709569132,81.63182578502247,-1.2345087100903172,-0.9943677255143715,52.47988248353453,1.102507216410252
16-09-22,Bhopal,26.101753103081794,0.018393379277129994,82.94066991081286,-1.1757866144437688,-1.5814953122501738,51.92077604903686,1.1831400622985766
16-09-23,Bhopal,26.530899469900767,0.0177954885048295,78.5718994600141,-0.9925055005765018,-0.9788830820331031,49.20841130689224,0.8431103133887127
16-09-24,Bhopal,26.892452364838867,0.01727528829485292,74.78090907286484,-0.3391320783997434,-1.201192113955646,45.61233220885157,0.5117925077529031
16-09-25,Bhopal,27.134403768417954,0.01703265602045755,72.93628680283418,-0.5192091225301503,-1.6502619016205837,41.96069154484519,0.5494888901435947
16-09-26,Bhopal,27.312463212567742,0.016635754313836407,70.54200219114058,-0.30227078820757003,-1.4229045658428927,41.03360401272018,0.4157829095494721
16-09-27,Bhopal,26.89314593607057,0.016929733281829323,73.41685056988425,-0.3023241709242799,-1.4413364070255434,44.52392181612961,0.8852054890558512
16-09-28,Bhopal,26.42425761110153,0.017351669821638976,77.0664720728382,-0.26581050479076146,-1.3560988583490685,47.20001799893708,1.4843797710001607
16-09-29,Bhopal,26.7432647316054,0.0174702578005681,76.17961887398826,-0.8450149735728781,-0.8467935477352564,48.157079845368244,0.7517927620394915
16-09-30,Bhopal,26.521465421584036,0.017738600856618505,78.33116588399932,-0.36798899128080537,-0.10286468513551678,49.159644295508485,0.9192869150823164
16-10-01,Bhopal,26.81888397158743,0.017421469247751842,75.69966293500916,0.03638509711408634,0.08360347027013441,47.661439546311904,0.5785962835748913
16-10-02,Bhopal,26.86210319430155,0.01726280149040999,74.64099917161732,0.2639826546780329,0.14095679094041852,47.850104694886326,0.7825789774076799
16-10-03,Bhopal,26.849486382640105,0.016821402130472476,72.776486217908,0.9064906902429026,-0.11272336785528964,46.356220721781504,0.5910612300379032
16-10-04,Bhopal,26.761303360445584,0.01638805256123864,71.1693105014838,1.5559024112232143,-0.43826172723665574,44.378640460961535,0.8927014284507935
16-10-05,Bhopal,26.55089964371687,0.015661968190996568,68.86106136680709,1.79001111262426,-0.9201387106780149,39.63945632081252,0.9493695408733753
16-10-06,Bhopal,25.978139445858005,0.014061052141851698,63.67545595468442,1.6639256213952094,-1.5847657808783118,32.231241788238286,0.6734576868666029
16-10-07,Bhopal,25.56361745902703,0.012773106474604286,59.33780166084723,1.4627901644762142,-1.7751361639990753,25.97533972414855,0.1583981359566455
16-10-08,Bhopal,25.264664296261973,0.011875412986006185,56.21410687544305,1.9602111233452217,-1.9127970193471715,22.147910820512884,0.007017571917551755
16-10-09,Bhopal,25.36733261214978,0.011248486557217127,53.04671516412709,1.912358625215192,-1.8200031918943818,20.42817246542508,0.008209993677679711
16-10-10,Bhopal,24.98230945609174,0.009776584463073052,47.52310421885379,1.8180757535666514,-1.532041289337606,16.767674965165185,0.0010300712515437368
16-10-11,Bhopal,24.672373033268794,0.00896238148841698,44.69331515885961,1.6154060527549259,-1.1203981326640573,15.81970923897291,0.0
16-10-12,Bhopal,24.74892366050138,0.008762389610068378,43.53864596589152,1.665168047069305,-1.3573298227978199,16.20503313879231,0.0
16-10-13,Bhopal,24.81154199401173,0.008764621317412544,43.27318726365339,1.6656699020922952,-1.225660296196344,17.01842726263878,0.0
16-10-14,Bhopal,24.733636188272865,0.008433122582209693,41.82826695508521,1.6936071691302277,-1.5067638602501219,15.920959169380009,0.0
16-10-15,Bhopal,24.755419703849988,0.008457796040455406,42.04142482602561,1.7078759533537302,-1.5141364805544337,15.715180225678786,0.0
16-10-16,Bhopal,24.60153551328899,0.008552898039564634,42.91440381554862,1.7060626146738807,-1.3202009092834155,16.41029970224691,0.0
16-10-17,Bhopal,24.64830765002951,0.008484693326766478,42.36762334891671,1.752115990800828,-1.4658851251275593,16.53356805404461,0.0
16-10-18,Bhopal,24.627860763145744,0.008221018025641421,41.02030243003334,1.4149306426995738,-1.5723166434652405,16.157726384041485,0.008386362213843467
16-10-19,Bhopal,24.626348080971553,0.007885616920496104,39.461797119625224,1.2120967774405336,-1.4614532047606252,15.700572369467714,4.898137740926783E-4
16-10-20,Bhopal,24.43532559964105,0.007823225084639656,39.49062271491975,1.2673879019398842,-1.4486762285696886,15.253196482504894,1.2186259398832746E-4
16-10-21,Bhopal,24.35515736048715,0.0077653029724655265,39.466354607269345,1.0488577157507686,-1.4143025295899463,15.851312724157456,2.407709432739076E-5
16-10-22,Bhopal,24.31828402371211,0.007767622669414738,39.636470684161495,0.8663529788023114,-1.4458100054586047,15.822009725246483,0.0
16-10-23,Bhopal,24.165602870897395,0.007403282926795999,38.15522386524866,0.7037600429201022,-1.2364664591456858,15.451098833898023,0.0
16-10-24,Bhopal,23.65397964506595,0.007085291847026781,37.741889005172254,-0.19797472795610493,-1.4426419759526303,14.198986507883186,0.0
16-10-25,Bhopal,23.12210631580634,0.006341820466434969,35.183572064914024,-1.1745293904566618,-0.977218674200937,12.32616833054934,0.0
16-10-26,Bhopal,22.770471546938232,0.006054529689703964,34.57775808282381,-1.562956999921458,-0.6150868406420513,11.595085669295518,0.0
16-10-27,Bhopal,22.299202474517546,0.005468454586620161,32.179958249889715,-1.670649083495695,-0.6344630079298205,10.036756300000276,0.0
16-10-28,Bhopal,22.016400969287915,0.005526075719711946,33.22748303558769,-1.7598867233468525,-0.5612324100159137,10.038304490070896,0.013660132201245583
16-10-29,Bhopal,21.883368701406745,0.005659212488716666,34.308827283583184,-1.923619702939371,-0.9909596040168255,10.085173726122699,0.0
16-10-30,Bhopal,21.78261636428223,0.005593016335818748,34.07243776151663,-1.5799575404585149,-1.1225086000949318,10.053797124299182,0.0
16-10-31,Bhopal,21.897779045611905,0.005672221910662368,34.27646587990502,-1.1446574899781967,-1.5555385083470366,10.29747193486293,0.0
16-11-01,Bhopal,21.72864559087599,0.005696614502043869,34.72789484211473,-1.050384278555134,-1.7065546324212337,10.42064044334059,0.0035366740309596164
16-11-02,Bhopal,22.002017353748347,0.005380509310598763,32.28410151152873,-0.3417686100888098,-1.6526611758474294,10.156803501146202,0.0
16-11-03,Bhopal,22.096561958470467,0.005110704766078679,30.314328151248787,-0.14528741549626234,-1.6629279870219864,9.843100230034322,0.0
16-11-04,Bhopal,22.10117992935595,0.004946404872328809,29.326131519438032,0.0789477404612574,-1.3778419379092341,9.620190796228032,0.0
16-11-05,Bhopal,21.951130129913025,0.004496866377633608,26.85839212183765,0.1748706892388503,-1.3880906834107507,8.182505694062847,0.0
16-11-06,Bhopal,21.79911222945657,0.0044036714977083065,26.577428398330216,0.0509634219039836,-1.373501412758003,8.005617337756735,1.255554015726016E-4
16-11-07,Bhopal,21.568742683989335,0.004179988490303388,25.58532918727641,-0.1780494848630232,-1.2428192216490737,7.443651157603339,0.0
16-11-08,Bhopal,21.575914525318804,0.004191474948211007,25.61852678704192,-0.44259874973640756,-0.9087638050541186,7.670572012699514,0.0
16-11-09,Bhopal,21.18606075537344,0.004152775467924925,26.018324135460546,-0.8392623059378581,-0.8714613850942036,7.60276840784122,0.0
16-11-10,Bhopal,21.298904145528265,0.004413282128431045,27.440727089815393,-0.9254269404342671,-0.6377947752233462,8.40875874832836,0.0
16-11-11,Bhopal,21.21217619340956,0.004590047493284663,28.67459075031726,-1.0385417597886868,-0.6885280323260177,9.19655595728407,0.0
16-11-12,Bhopal,20.9602996141166,0.004522332866762515,28.65870177347863,-1.021377038032128,-0.9572982023594617,9.074689684000084,0.0
16-11-13,Bhopal,20.806299822144542,0.004401843201851819,28.1363654386884,-0.7098630542605061,-1.3448604550684011,8.834691701074092,0.0
16-11-14,Bhopal,20.749647131251667,0.004340635407115809,27.7661001765641,-0.7084246074363553,-1.417936217441848,8.733540535538364,0.0
16-11-15,Bhopal,20.68584147046006,0.004379316734249863,28.20276268977601,-0.7988431137628459,-1.256368834981307,8.848405451665085,0.0
16-11-16,Bhopal,20.647076607859653,0.004342779406433114,28.176764453350824,-0.7856931799898242,-1.2524076361230156,8.590183493154223,0.0
16-11-17,Bhopal,20.78918723148601,0.004435914035659777,28.649375644777837,-0.7943102974509927,-1.154411324434669,8.733576625379182,1.2762336764245341E-5
16-11-18,Bhopal,20.896466630987113,0.004441439861061185,28.45404648109721,-0.6455791498456451,-1.1875745086231804,8.852252032222514,0.0
16-11-19,Bhopal,20.793363349274323,0.00431687024048774,27.751295765135335,-0.7866907254516239,-1.3070564041056192,8.758579879882944,0.0
16-11-20,Bhopal,20.764474278322414,0.004388347272687278,28.23471525226385,-0.7504708737928044,-1.4954341800458955,8.985485980365024,0.0
16-11-21,Bhopal,20.675063052216434,0.004335991568050323,28.075481868042097,-0.6339047725467608,-1.7500955583039843,8.758509868809819,0.0
16-11-22,Bhopal,20.717661324357206,0.004303801799621139,27.773432518590273,-0.593667917036561,-1.745467571691467,8.91370580561697,0.0
16-11-23,Bhopal,20.736967562754877,0.004372144581880359,28.142770844082918,-0.6100431620812345,-1.7529269067733086,9.231102614746126,0.0
16-11-24,Bhopal,20.71846973053539,0.00456516010402089,29.500284430174172,-0.48670608076794275,-1.6786727067176115,9.773618481977913,2.0664941858597788E-4
16-11-25,Bhopal,20.82867880856593,0.004739610110324391,30.3813639808623,-0.6507862723097075,-1.7494375127670314,10.323057771740507,0.0
16-11-26,Bhopal,20.76478263135016,0.004935440203699464,31.833058970203627,-0.948060486560408,-1.6451673941191323,11.008305458674913,0.0
16-11-27,Bhopal,20.75231456682688,0.005111346533186207,32.908351347244825,-1.1707141474130782,-1.4634738908156555,11.779016338762107,0.0
16-11-28,Bhopal,20.372313115501896,0.005471222581818346,35.97372042176561,-1.5840708529797067,-1.343736630972798,11.504403039600328,0.0
16-11-29,Bhopal,20.206679499904624,0.0055614670558486535,36.82179158242935,-1.7811938868757844,-1.2993407155377956,11.176011707153368,6.604213898835607E-4
16-11-30,Bhopal,19.901894266093077,0.005796727024093716,38.82825849411488,-1.9616578187840445,-1.5313263903068264,11.465553989669486,0.017079005688821994
16-12-01,Bhopal,19.539795672995186,0.005946790431812325,40.605576421914066,-1.9193470982735201,-1.6095118772814991,11.099568277653072,1.737391303016423E-4
16-12-02,Bhopal,19.327571587004723,0.006202585187047369,42.680587220698236,-1.8533514590385896,-1.6458410510604167,12.122595454884015,0.0032577489934778724
16-12-03,Bhopal,18.854192748352183,0.00542413240562492,38.68535222698867,-1.4005934898955958,-1.6110989408553893,9.43707060986821,7.903934142148287E-4
16-12-04,Bhopal,18.41431419981497,0.00504035365563178,37.29837993996302,-1.3435180763736647,-1.5210978064021519,8.318392082670586,2.7320854107407415E-4
16-12-05,Bhopal,18.195835117744934,0.004776995075520251,36.08537744373325,-1.210945418438679,-1.4642808754626706,8.062379446178591,0.0
16-12-06,Bhopal,18.62493707947547,0.005509315461361864,40.01850772341814,-1.5914765984258785,-1.4755225570198598,10.375011840015004,1.2803696027313658E-4
16-12-07,Bhopal,18.696776516682533,0.004970273454729139,36.1753297615187,-1.6483730319706333,-1.4710252506130153,10.806641785752282,0.003835200414455958
16-12-08,Bhopal,19.476963313303642,0.005329476459017438,36.598339193528574,-1.8790028554635794,-1.1190590612304072,12.852035088519905,0.0030157076874978766
16-12-09,Bhopal,19.464617665563875,0.005277870965329004,36.53305982671978,-1.8817183076538209,-1.414762032323107,12.729558019712353,0.0037003539526232823
16-12-10,Bhopal,18.538908520662893,0.004719347805189857,34.69840503247208,-1.5117254792759651,-1.4379807548116665,8.605075397632774,0.0
16-12-11,Bhopal,18.55994942096777,0.004797154809869034,35.170180186413766,-1.4814995849242845,-1.3375410337671694,8.74814887417596,0.0
16-12-12,Bhopal,18.318999520437462,0.004740627896746471,35.29956055563566,-1.3466815102437975,-1.401603190367889,8.666722651485808,0.0
16-12-13,Bhopal,18.02612899158938,0.004609362093371018,35.01069630735013,-1.2494444252592851,-1.2233854915611873,8.193474666957686,0.0
16-12-14,Bhopal,18.116527363834543,0.004667141844214356,35.35758772225461,-1.1403352645923888,-1.0014432584942623,8.193813228007356,0.0
16-12-15,Bhopal,17.952412368787616,0.004646653031778129,35.734961418442374,-0.8975481328035194,-1.1306232158953147,8.284338669241457,0.0
16-12-16,Bhopal,17.83772462650854,0.004487065228840036,34.842031659143906,-0.5181343374704371,-1.5246978367479764,7.789368988626659,0.0
16-12-17,Bhopal,17.807722201963337,0.004215385951762586,32.71381641505154,-0.20583006350998542,-1.6839727407771616,7.456318810407483,0.0
16-12-18,Bhopal,17.846137483603872,0.0042274514140910125,32.929466200361716,-0.15493881364246107,-1.6562263135485213,7.3273831653151795,0.0
16-12-19,Bhopal,17.91872163095711,0.004116892963896537,31.86431593933782,-0.18338009402021488,-1.6006335750308367,7.248626993246774,0.0
16-12-20,Bhopal,17.915424194767105,0.003990948270525867,30.685171137936656,-0.36464945520639885,-1.4967332800714734,7.407550738072476,0.0
16-12-21,Bhopal,17.9987241432335,0.004017279852292302,30.58544762747136,-0.3659867825917019,-1.2779533428336467,7.61814125832209,0.0
16-12-22,Bhopal,17.789841420963096,0.0042887150052464814,33.26461510656348,-0.44253220489455103,-1.2034350645898915,8.284926852833646,0.0
16-12-23,Bhopal,17.37810132902473,0.004306793103716181,34.22703521234267,-0.6827919088572724,-1.1727175084560197,8.352701957494451,0.0
16-12-24,Bhopal,17.394199016554673,0.004502363933424601,35.72059112917832,-0.8722036680961863,-1.2167367284745378,8.825867223535223,0.0
16-12-25,Bhopal,17.24882896865668,0.004619020329601597,37.080410633328434,-1.1419936012449539,-1.2565775377585882,9.317707910071613,0.0
16-12-26,Bhopal,17.525060989546347,0.004802251498632439,37.91974788324794,-1.3315592196638808,-0.9290978552416858,10.286679347836527,0.0
16-12-27,Bhopal,17.90427238147388,0.005062776903368494,39.003553040397485,-1.3652851262216066,-0.6213812873445029,11.26141908314057,0.0
16-12-28,Bhopal,17.891130874080087,0.005374618645952609,41.7573884176969,-1.1895825517810106,-0.7502835015201278,11.752661080720703,9.17883820207196E-5
16-12-29,Bhopal,17.57773802336796,0.005423316872889979,42.811050625868376,-1.2778623093032235,-1.233090287722179,11.488339643145013,0.0
16-12-30,Bhopal,17.817056959467635,0.005632214599906873,43.78250732726604,-1.3705514818209041,-1.0924949371568131,12.536709788625352,0.0
