time,temperature_2m_mean (°C),precipitation_sum (mm),wind_speed_10m_max (km/h),wind_direction_10m_dominant (°),et0_fao_evapotranspiration (mm)
2020-11-19,13.9,0.00,10.0,319,1.78
2020-11-20,13.5,8.00,18.7,54,0.81
2020-11-21,14.7,1.30,22.1,15,2.79
2020-11-22,14.3,1.20,18.1,26,1.94
2020-11-23,12.9,0.00,10.8,264,1.68
2020-11-24,11.7,0.00,12.3,88,1.76
2020-11-25,12.4,0.00,13.4,87,1.95
2020-11-26,16.5,0.00,17.3,162,2.78
2020-11-27,15.4,0.60,17.7,93,1.49
2020-11-28,12.8,18.20,35.5,262,0.75
2020-11-29,14.6,8.00,25.3,268,1.28
2020-11-30,14.3,0.00,16.8,68,1.60
2020-12-01,13.2,0.00,9.9,275,1.54
2020-12-02,12.5,15.30,19.3,271,0.65
2020-12-03,10.3,0.80,8.9,212,1.50
2020-12-04,14.2,2.00,32.6,230,2.49
2020-12-05,9.9,14.50,27.9,249,1.59
2020-12-06,10.2,0.40,29.0,245,2.24
2020-12-07,12.8,1.30,30.9,236,2.65
2020-12-08,13.3,10.50,37.4,257,1.85
2020-12-09,10.8,7.80,28.3,257,1.77
2020-12-10,13.3,9.10,29.9,249,1.65
2020-12-11,16.1,11.50,33.5,258,1.11
2020-12-12,15.6,3.10,30.6,272,1.79
2020-12-13,13.3,0.40,17.8,246,1.40
2020-12-14,14.4,0.00,13.9,280,1.55
2020-12-15,14.6,0.00,11.0,238,1.54
2020-12-16,15.9,0.00,19.1,143,2.06
2020-12-17,14.5,0.00,8.7,269,1.53
2020-12-18,13.6,0.50,8.6,256,0.94
2020-12-19,13.0,1.10,11.0,255,1.06
2020-12-20,12.5,3.30,11.6,266,0.85
2020-12-21,12.3,1.40,10.0,256,1.11
2020-12-22,10.5,0.00,9.0,123,1.40
2020-12-23,11.7,0.00,8.9,243,1.55
2020-12-24,11.5,0.00,8.4,259,1.49
2020-12-25,11.5,2.80,18.6,299,1.22
2020-12-26,9.7,0.60,22.1,327,1.93
2020-12-27,8.1,0.00,14.4,226,1.70
2020-12-28,12.8,8.50,37.4,246,2.83
2020-12-29,11.3,2.40,21.0,246,1.37
2020-12-30,9.6,2.20,28.5,249,1.63
2020-12-31,8.8,0.00,15.1,230,1.77
2021-01-01,9.2,2.70,32.5,234,1.46
2021-01-02,7.5,0.80,28.1,244,1.43
2021-01-03,7.8,0.10,31.1,244,2.17
2021-01-04,8.2,0.00,24.2,239,1.72
2021-01-05,8.1,0.20,13.8,224,0.82
2021-01-06,8.7,2.60,15.5,106,0.82
2021-01-07,11.6,0.10,22.5,61,1.37
2021-01-08,12.6,2.20,21.4,63,0.93
2021-01-09,12.8,2.80,27.0,258,1.42
2021-01-10,9.6,1.10,14.2,248,1.23
2021-01-11,8.8,1.80,15.1,265,1.00
2021-01-12,8.6,3.80,14.1,250,0.93
2021-01-13,9.5,0.00,15.9,240,1.43
2021-01-14,10.0,0.10,18.7,245,1.36
2021-01-15,11.0,0.00,16.8,262,1.51
2021-01-16,9.7,0.90,18.3,337,1.19
2021-01-17,8.6,0.00,16.7,248,1.79
2021-01-18,9.8,0.00,10.3,227,1.66
2021-01-19,9.1,0.00,9.5,355,1.58
2021-01-20,12.0,0.00,13.2,230,2.26
2021-01-21,13.8,0.30,24.2,242,2.34
2021-01-22,15.6,0.80,43.1,254,3.55
2021-01-23,13.5,1.40,34.0,260,2.36
2021-01-24,15.2,0.70,34.0,256,2.80
2021-01-25,15.2,0.30,25.7,255,2.36
2021-01-26,13.0,9.20,25.9,38,1.65
2021-01-27,14.5,0.90,17.9,258,1.68
2021-01-28,15.5,0.00,15.5,256,2.21
2021-01-29,15.8,0.00,17.6,260,2.57
2021-01-30,17.1,0.10,36.1,263,3.37
2021-01-31,14.8,2.40,33.8,270,3.00
2021-02-01,16.2,0.40,36.4,266,2.91
2021-02-02,14.9,0.00,17.3,259,2.48
2021-02-03,13.5,0.00,12.5,6,2.33
2021-02-04,16.1,0.00,22.9,350,3.14
2021-02-05,20.1,0.00,28.7,141,5.09
2021-02-06,16.2,5.40,24.2,277,3.16
2021-02-07,12.7,1.40,33.3,253,2.11
2021-02-08,14.7,0.70,33.4,237,3.30
2021-02-09,15.3,0.00,29.0,243,3.09
2021-02-10,16.6,0.40,37.9,259,3.28
2021-02-11,15.1,0.10,17.2,261,2.39
2021-02-12,15.2,0.10,25.8,265,2.53
2021-02-13,13.9,1.80,17.9,290,2.09
2021-02-14,11.2,0.80,24.0,69,1.71
2021-02-15,9.8,0.00,19.2,78,2.25
2021-02-16,11.0,0.00,9.1,46,2.42
2021-02-17,12.1,0.00,10.0,24,2.54
2021-02-18,14.4,0.00,13.1,257,3.36
2021-02-19,11.4,0.00,12.1,36,2.34
2021-02-20,15.8,0.00,28.3,134,3.72
2021-02-21,20.1,0.00,40.9,170,6.83
2021-02-22,12.1,7.40,27.0,236,0.80
2021-02-23,12.4,8.80,16.6,55,1.09
2021-02-24,13.2,0.10,14.0,58,2.35
2021-02-25,13.0,0.00,17.8,54,2.27
2021-02-26,12.6,0.00,16.6,53,2.32
2021-02-27,12.7,0.00,18.8,65,1.90
2021-02-28,13.2,0.00,23.3,61,2.53
2021-03-01,15.1,0.00,22.5,59,3.17
2021-03-02,15.6,0.00,14.7,55,2.35
2021-03-03,14.2,0.50,11.7,258,1.69
2021-03-04,13.5,1.30,12.5,39,2.35
2021-03-05,13.2,0.00,16.3,60,2.42
2021-03-06,13.3,0.20,19.9,54,2.23
2021-03-07,14.2,4.70,10.7,65,2.09
2021-03-08,13.4,4.40,26.7,266,2.12
2021-03-09,11.9,7.90,13.4,302,1.69
2021-03-10,11.6,0.00,13.5,61,2.44
2021-03-11,11.3,0.00,10.7,250,3.08
2021-03-12,12.5,0.00,17.2,262,3.46
2021-03-13,13.4,0.00,13.5,40,2.50
2021-03-14,12.3,1.00,21.1,283,2.62
2021-03-15,12.5,0.00,15.1,43,2.93
2021-03-16,12.1,0.00,24.9,72,2.89
2021-03-17,11.9,0.00,18.2,77,3.02
2021-03-18,12.6,0.00,33.7,66,3.12
2021-03-19,11.8,2.10,23.3,65,2.75
2021-03-20,10.2,9.80,27.3,9,2.03
2021-03-21,10.3,6.10,24.0,16,2.44
2021-03-22,10.3,4.60,17.3,288,2.05
2021-03-23,11.3,0.00,15.7,90,3.19
2021-03-24,12.4,0.00,12.3,335,3.41
2021-03-25,13.1,0.00,12.1,25,3.52
2021-03-26,15.0,0.00,11.5,12,3.94
2021-03-27,15.1,0.00,17.6,9,3.59
2021-03-28,15.6,0.00,16.1,30,3.64
2021-03-29,17.6,0.00,17.4,55,4.39
2021-03-30,17.9,0.00,12.1,51,3.16
2021-03-31,16.4,0.00,16.0,40,3.73
2021-04-01,18.8,0.00,14.3,31,4.54
2021-04-02,16.7,1.30,28.1,271,3.64
2021-04-03,15.7,0.00,16.5,283,3.71
2021-04-04,14.2,4.70,18.1,355,2.69
2021-04-05,13.5,3.40,13.0,335,2.41
2021-04-06,14.8,0.00,11.5,268,4.21
2021-04-07,13.8,0.00,36.2,63,2.88
2021-04-08,13.0,0.20,22.7,69,3.14
2021-04-09,16.9,0.40,16.1,65,4.18
2021-04-10,18.4,1.80,31.8,165,3.62
2021-04-11,15.8,0.00,17.5,294,2.98
2021-04-12,14.6,1.00,23.2,22,2.79
2021-04-13,14.5,0.30,23.3,60,3.50
2021-04-14,14.2,2.70,21.3,60,1.45
2021-04-15,14.2,14.50,38.2,59,1.68
2021-04-16,12.9,16.40,30.7,45,1.52
2021-04-17,11.4,6.60,9.7,325,2.75
2021-04-18,11.5,0.40,13.8,61,3.48
2021-04-19,12.9,0.00,10.4,71,3.86
2021-04-20,15.4,0.00,11.4,329,4.21
2021-04-21,16.0,0.00,17.0,278,3.46
2021-04-22,15.4,2.20,11.5,304,2.02
2021-04-23,14.9,0.90,18.6,48,3.24
2021-04-24,15.7,0.00,21.9,55,3.70
2021-04-25,23.1,0.00,28.4,115,6.21
2021-04-26,18.3,0.00,27.8,286,3.95
2021-04-27,17.6,0.60,19.7,266,3.56
2021-04-28,17.2,0.30,20.2,282,4.14
2021-04-29,17.7,0.80,20.5,282,4.47
2021-04-30,16.7,0.40,14.1,341,3.56
2021-05-01,16.6,0.40,31.8,266,3.78
2021-05-02,16.1,1.60,18.8,56,3.72
2021-05-03,16.8,1.60,29.1,58,3.06
2021-05-04,17.1,3.70,16.4,21,2.48
2021-05-05,17.2,0.80,15.5,40,3.02
2021-05-06,16.6,0.10,16.2,42,2.75
2021-05-07,18.7,0.00,11.0,335,5.07
2021-05-08,21.1,0.00,20.9,60,5.67
2021-05-09,25.7,0.00,26.9,193,7.33
2021-05-10,19.5,2.50,26.4,293,4.17
2021-05-11,17.7,0.50,30.4,267,5.01
2021-05-12,16.9,0.00,17.1,281,5.02
2021-05-13,18.5,0.00,22.2,277,5.25
2021-05-14,18.3,0.00,28.4,308,4.88
2021-05-15,19.9,0.00,12.4,23,5.32
2021-05-16,23.1,0.00,15.9,280,6.38
2021-05-17,20.4,0.00,21.2,36,4.94
2021-05-18,19.1,0.00,15.5,43,4.54
2021-05-19,18.9,0.00,21.4,44,4.55
2021-05-20,18.2,0.00,26.6,62,4.81
2021-05-21,20.4,0.00,12.3,19,5.37
2021-05-22,20.8,0.00,14.8,17,5.16
2021-05-23,19.6,1.50,23.1,33,3.66
2021-05-24,18.7,1.20,24.5,282,4.66
2021-05-25,17.9,0.10,28.5,57,4.25
2021-05-26,18.8,0.70,24.2,56,3.81
2021-05-27,19.0,0.50,26.1,55,3.36
2021-05-28,18.8,0.00,22.0,318,2.72
2021-05-29,18.7,0.00,14.1,29,4.37
2021-05-30,18.8,0.00,18.2,45,4.39
2021-05-31,21.7,0.00,13.8,8,3.61
2021-06-01,24.3,0.00,17.4,317,4.12
2021-06-02,20.9,0.00,16.8,9,5.08
2021-06-03,20.7,0.00,19.8,42,4.37
2021-06-04,21.0,3.30,24.8,270,3.04
2021-06-05,20.9,2.10,23.1,33,3.55
2021-06-06,20.2,6.60,14.3,355,3.02
2021-06-07,19.8,0.00,17.9,47,4.71
2021-06-08,20.9,0.00,21.1,40,5.05
2021-06-09,21.7,0.00,18.1,39,5.70
2021-06-10,22.6,0.00,24.9,48,6.31
2021-06-11,22.8,0.00,26.3,50,6.35
2021-06-12,22.3,0.00,27.2,52,5.75
2021-06-13,21.5,0.00,20.2,43,4.94
2021-06-14,22.9,0.00,21.7,40,6.04
2021-06-15,24.6,0.00,29.0,50,6.55
2021-06-16,23.3,0.00,20.3,303,5.68
2021-06-17,22.8,0.00,30.3,295,4.71
2021-06-18,22.1,0.00,17.9,26,4.72
2021-06-19,22.5,0.00,23.1,292,4.63
2021-06-20,22.4,0.00,22.1,269,4.78
2021-06-21,22.4,0.00,14.5,317,5.56
2021-06-22,22.0,0.00,17.2,296,5.37
2021-06-23,21.6,0.00,15.5,317,4.98
2021-06-24,21.8,0.00,25.4,51,4.82
2021-06-25,22.6,0.10,26.9,54,4.46
2021-06-26,21.9,0.20,19.3,40,3.81
2021-06-27,22.1,0.00,13.4,5,5.04
2021-06-28,23.1,0.00,16.3,357,5.17
2021-06-29,23.0,0.00,15.7,355,5.30
2021-06-30,22.8,0.30,21.2,51,4.70
2021-07-01,22.4,0.00,18.0,35,5.16
2021-07-02,23.3,0.00,18.2,301,5.17
2021-07-03,24.4,0.00,11.6,3,5.48
2021-07-04,25.8,0.00,21.8,285,6.39
2021-07-05,24.8,0.00,14.2,32,5.97
2021-07-06,27.2,0.00,17.9,280,6.72
2021-07-07,25.4,0.00,18.6,308,4.82
2021-07-08,24.0,0.70,23.4,39,3.46
2021-07-09,24.2,0.40,28.1,57,4.75
2021-07-10,24.0,0.00,19.1,47,5.09
2021-07-11,26.3,0.00,13.2,20,6.13
2021-07-12,28.3,0.00,24.4,268,6.02
2021-07-13,24.0,1.50,35.3,356,4.51
2021-07-14,22.4,0.00,19.6,45,5.42
2021-07-15,22.9,0.00,27.3,56,4.55
2021-07-16,22.9,0.00,21.6,57,5.01
2021-07-17,23.8,0.00,22.3,49,6.06
2021-07-18,24.0,0.00,19.7,41,5.66
2021-07-19,23.7,0.00,17.8,35,5.36
2021-07-20,23.7,0.00,17.3,44,5.32
2021-07-21,26.2,0.00,20.9,41,6.70
2021-07-22,26.8,0.00,19.1,37,6.78
2021-07-23,27.1,0.00,13.7,303,6.32
2021-07-24,30.0,0.00,22.6,287,7.03
2021-07-25,26.8,0.00,17.7,277,4.48
2021-07-26,25.5,0.00,20.8,295,4.12
2021-07-27,24.9,0.00,16.6,23,4.99
2021-07-28,25.0,0.00,18.4,46,4.56
2021-07-29,25.6,0.00,16.4,54,4.51
2021-07-30,27.1,0.00,14.9,3,5.18
2021-07-31,28.2,0.00,20.0,293,5.06
2021-08-01,25.4,0.10,26.8,315,4.65
2021-08-02,24.8,0.00,26.4,54,4.31
2021-08-03,25.0,0.70,20.4,44,2.83
2021-08-04,24.9,0.40,15.8,333,4.58
2021-08-05,25.1,0.00,16.5,43,5.25
2021-08-06,26.2,0.00,14.6,334,5.98
2021-08-07,27.4,0.00,19.5,288,6.15
2021-08-08,25.7,0.00,15.6,16,4.69
2021-08-09,25.6,0.00,19.1,60,4.65
2021-08-10,26.7,0.00,23.4,340,4.05
2021-08-11,28.3,0.00,19.0,13,6.19
2021-08-12,30.9,0.00,15.3,317,6.83
2021-08-13,28.7,0.00,16.1,32,6.28
2021-08-14,26.9,0.00,16.1,35,5.43
2021-08-15,28.9,0.00,17.9,356,6.07
2021-08-16,27.9,0.00,21.1,12,5.70
2021-08-17,26.1,0.30,27.6,56,4.68
2021-08-18,25.2,0.10,25.8,62,5.11
2021-08-19,25.1,0.00,20.3,51,4.61
2021-08-20,25.2,0.00,21.1,54,4.37
2021-08-21,25.5,0.00,19.6,41,5.26
2021-08-22,27.0,0.00,16.2,35,5.83
2021-08-23,26.2,0.00,22.9,42,5.14
2021-08-24,25.1,0.00,22.6,54,3.89
2021-08-25,24.9,0.10,20.2,44,3.66
2021-08-26,24.8,0.40,18.2,50,4.13
2021-08-27,24.8,0.00,14.7,14,4.98
2021-08-28,26.1,0.00,22.0,276,5.43
2021-08-29,24.8,0.00,15.8,345,4.89
2021-08-30,24.8,0.00,14.8,358,4.68
2021-08-31,25.2,0.10,21.6,47,3.81
2021-09-01,28.7,0.00,27.5,275,6.14
2021-09-02,26.8,0.00,20.8,286,4.74
2021-09-03,24.7,6.00,17.9,29,3.46
2021-09-04,24.0,0.00,16.5,42,4.37
2021-09-05,24.4,0.00,21.8,54,4.45
2021-09-06,24.2,0.00,19.5,51,4.34
2021-09-07,25.9,0.00,22.4,52,5.64
2021-09-08,26.7,0.00,20.6,272,5.09
2021-09-09,25.2,0.00,27.9,273,5.25
2021-09-10,25.1,0.00,21.7,278,5.00
2021-09-11,24.3,0.00,17.7,46,4.33
2021-09-12,24.9,0.00,19.6,47,4.88
2021-09-13,25.2,0.00,18.9,48,4.36
2021-09-14,31.6,0.00,33.4,146,7.53
2021-09-15,27.8,0.00,22.7,42,5.18
2021-09-16,24.7,2.10,23.5,36,3.39
2021-09-17,24.1,1.20,18.5,42,2.68
2021-09-18,23.4,0.40,16.0,14,3.28
2021-09-19,23.4,0.00,14.8,27,3.91
2021-09-20,23.7,1.20,22.6,55,3.36
2021-09-21,22.9,4.30,21.5,52,2.29
2021-09-22,23.2,6.80,19.9,61,3.74
2021-09-23,26.0,0.00,21.4,43,4.17
2021-09-24,25.7,0.00,15.4,317,4.31
2021-09-25,24.2,0.00,12.3,283,3.16
2021-09-26,23.8,0.00,15.3,298,2.80
2021-09-27,22.7,0.00,13.0,357,3.46
2021-09-28,22.0,0.00,16.1,56,3.73
2021-09-29,21.9,0.00,14.0,44,3.62
2021-09-30,21.9,0.00,25.7,64,3.89
2021-10-01,21.8,0.00,19.9,52,3.55
2021-10-02,22.1,0.00,15.4,58,3.62
2021-10-03,22.4,0.00,16.6,287,3.91
2021-10-04,21.7,0.00,30.0,262,4.34
2021-10-05,20.0,0.00,15.0,269,4.11
2021-10-06,20.3,0.00,14.1,41,3.41
2021-10-07,20.4,0.30,14.3,65,3.49
2021-10-08,19.5,0.00,21.2,74,3.91
2021-10-09,19.3,0.10,19.2,62,3.37
2021-10-10,19.5,0.20,19.0,75,3.39
2021-10-11,20.0,0.00,25.8,66,4.08
2021-10-12,19.1,0.00,16.2,71,2.94
2021-10-13,18.4,0.90,17.2,56,3.10
2021-10-14,18.7,0.80,21.0,47,3.10
2021-10-15,17.9,0.00,16.7,84,3.21
2021-10-16,18.4,0.00,11.3,299,3.11
2021-10-17,20.3,0.00,11.5,54,1.89
2021-10-18,19.8,0.00,22.5,59,3.25
2021-10-19,18.5,0.00,21.5,59,3.55
2021-10-20,20.8,0.00,15.3,120,3.84
2021-10-21,21.3,0.00,14.8,247,3.88
2021-10-22,18.5,0.00,18.9,31,2.84
2021-10-23,17.5,13.80,17.1,352,1.82
2021-10-24,17.2,1.10,13.8,267,2.52
2021-10-25,17.1,0.60,11.8,307,2.33
2021-10-26,17.7,0.00,21.3,68,2.32
2021-10-27,18.1,0.00,18.6,71,2.88
2021-10-28,16.4,0.00,14.1,71,2.33
2021-10-29,16.9,0.00,11.2,276,2.51
2021-10-30,20.1,0.00,18.0,260,3.19
2021-10-31,22.9,0.00,29.6,258,4.96
2021-11-01,23.0,0.00,36.5,257,4.37
2021-11-02,20.0,3.60,21.3,267,2.13
2021-11-03,17.3,29.60,32.4,254,1.18
2021-11-04,14.2,4.00,14.5,252,1.87
2021-11-05,11.8,9.30,24.1,262,1.45
2021-11-06,11.2,31.60,27.3,227,1.18
2021-11-07,13.5,27.80,35.8,315,1.20
2021-11-08,12.7,3.70,20.3,242,1.29
2021-11-09,12.4,21.80,25.3,254,0.57
2021-11-10,13.7,11.10,34.3,243,1.27
2021-11-11,14.6,2.10,16.8,246,1.96
2021-11-12,14.2,7.50,32.3,243,1.70
2021-11-13,14.6,8.00,19.3,255,1.28
2021-11-14,14.2,2.10,12.5,248,1.17
2021-11-15,12.7,26.70,21.8,267,0.94
2021-11-16,13.8,22.20,24.5,294,1.36
2021-11-17,13.7,16.30,15.9,346,0.79
2021-11-18,14.2,2.40,16.1,79,1.48
2021-11-19,13.1,0.00,17.7,72,1.66
2021-11-20,15.8,0.30,10.8,138,1.61
2021-11-21,14.7,2.70,22.9,247,1.85
2021-11-22,13.1,0.80,15.5,258,1.24
2021-11-23,13.5,0.30,10.0,200,1.81
2021-11-24,12.9,8.00,20.2,235,1.63
2021-11-25,12.3,0.10,25.3,241,2.09
2021-11-26,11.7,2.60,20.9,245,1.33
2021-11-27,11.5,3.20,27.6,240,1.89
2021-11-28,8.8,15.60,28.1,253,1.28
2021-11-29,13.2,2.00,38.2,262,2.48
2021-11-30,12.6,0.80,16.8,247,1.54
2021-12-01,11.4,0.00,14.6,232,1.72
2021-12-02,11.1,18.60,23.0,249,0.99
2021-12-03,9.7,9.20,23.7,288,1.23
2021-12-04,11.3,0.00,18.0,238,2.17
2021-12-05,12.3,3.10,28.6,266,2.09
2021-12-06,12.4,1.10,30.6,297,2.93
2021-12-07,12.8,0.00,15.5,238,2.03
2021-12-08,14.2,8.80,30.9,245,2.53
2021-12-09,13.1,0.10,32.7,279,3.25
2021-12-10,14.3,0.00,30.9,249,2.57
2021-12-11,13.2,2.80,29.6,282,1.25
2021-12-12,11.4,0.20,12.6,98,1.38
2021-12-13,10.3,0.00,18.3,73,1.48
2021-12-14,8.2,0.00,10.8,52,1.36
2021-12-15,9.9,0.00,15.3,73,1.29
2021-12-16,9.7,0.00,17.1,71,1.47
2021-12-17,9.7,0.00,13.2,65,1.42
2021-12-18,11.2,0.50,15.8,59,1.36
2021-12-19,10.6,0.00,12.2,73,1.27
2021-12-20,10.5,0.00,10.3,255,1.29
2021-12-21,12.0,0.00,9.2,232,1.44
2021-12-22,12.7,0.00,17.4,263,1.49
2021-12-23,12.0,0.00,9.2,196,1.34
2021-12-24,13.7,0.00,10.1,213,1.69
2021-12-25,14.7,0.00,16.4,239,1.82
2021-12-26,15.7,0.00,26.0,248,1.89
2021-12-27,16.5,0.00,25.7,253,2.14
2021-12-28,15.7,0.00,23.7,259,1.96
2021-12-29,13.9,0.00,14.1,256,1.74
2021-12-30,12.2,0.00,10.1,297,1.48
2021-12-31,11.2,0.00,9.7,36,1.36
2022-01-01,11.1,0.00,8.7,47,1.29
2022-01-02,10.4,0.00,8.7,7,1.28
2022-01-03,10.9,0.00,7.9,29,1.36
2022-01-04,11.8,0.00,16.1,273,1.71
2022-01-05,12.8,1.00,31.8,258,2.61
2022-01-06,8.9,7.40,18.2,244,0.97
2022-01-07,8.2,0.80,15.3,266,1.28
2022-01-08,9.7,0.00,23.0,253,1.80
2022-01-09,12.2,0.00,31.0,257,2.84
2022-01-10,14.5,1.10,31.0,275,1.78
2022-01-11,11.2,0.50,18.3,11,1.62
2022-01-12,9.9,0.50,17.8,26,1.36
2022-01-13,9.5,1.70,8.5,45,1.14
2022-01-14,8.5,0.00,14.3,67,1.40
2022-01-15,8.7,0.00,14.3,65,1.50
2022-01-16,8.6,0.00,10.7,78,1.50
2022-01-17,8.7,0.00,11.1,94,1.56
2022-01-18,8.1,0.00,9.7,99,1.57
2022-01-19,9.2,0.00,8.5,255,1.73
2022-01-20,8.7,0.00,9.6,343,1.58
2022-01-21,8.7,0.00,13.6,59,1.58
2022-01-22,9.3,0.40,14.2,75,1.34
2022-01-23,8.4,0.00,18.5,73,1.69
2022-01-24,8.6,0.00,13.4,103,1.80
2022-01-25,9.0,0.00,20.6,65,1.83
2022-01-26,11.2,0.00,11.8,40,1.88
2022-01-27,10.6,0.00,11.9,331,1.99
2022-01-28,9.2,0.00,15.3,43,1.86
2022-01-29,10.0,0.00,8.5,289,1.96
2022-01-30,9.0,0.00,9.8,187,1.87
2022-01-31,11.2,0.00,21.2,271,2.40
2022-02-01,10.6,0.90,16.9,13,1.38
2022-02-02,11.0,0.00,16.1,254,2.30
2022-02-03,14.4,0.00,17.1,218,2.80
2022-02-04,12.8,0.00,9.5,269,2.32
2022-02-05,12.5,0.00,16.8,53,1.87
2022-02-06,12.4,0.00,22.4,66,1.82
2022-02-07,10.4,0.00,12.2,58,1.90
2022-02-08,9.8,0.00,15.0,81,2.10
2022-02-09,10.6,0.00,9.9,53,2.12
2022-02-10,10.5,0.00,13.7,321,2.08
2022-02-11,10.7,0.20,12.2,31,1.58
2022-02-12,10.9,0.30,13.5,63,1.54
2022-02-13,10.3,0.00,12.3,1,2.00
2022-02-14,11.4,3.30,21.7,266,2.46
2022-02-15,11.2,0.50,18.6,269,2.25
2022-02-16,11.3,0.00,21.5,256,2.64
2022-02-17,12.3,0.00,18.7,259,2.84
2022-02-18,13.7,0.00,13.0,75,2.85
2022-02-19,14.1,0.00,19.6,271,2.33
2022-02-20,12.7,0.50,21.0,58,2.32
2022-02-21,11.4,0.00,10.2,277,2.42
2022-02-22,11.9,0.00,11.9,331,2.41
2022-02-23,11.9,0.00,24.2,70,2.69
2022-02-24,14.4,0.00,12.6,331,3.29
2022-02-25,12.9,0.00,23.7,61,2.03
2022-02-26,12.5,0.00,24.6,68,2.11
2022-02-27,11.8,8.40,21.8,60,1.01
2022-02-28,9.5,10.40,25.7,56,1.41
2022-03-01,9.3,0.00,14.0,85,2.46
2022-03-02,10.7,0.00,9.6,312,2.73
2022-03-03,11.4,0.10,20.9,264,2.56
2022-03-04,11.0,14.00,13.5,243,1.07
2022-03-05,10.8,5.80,12.5,7,1.69
2022-03-06,10.5,8.30,12.5,89,1.33
2022-03-07,10.4,0.60,12.5,40,2.29
2022-03-08,10.7,4.80,15.6,262,1.59
2022-03-09,11.2,1.30,12.4,1,2.38
2022-03-10,12.7,0.00,13.4,30,2.55
2022-03-11,12.5,0.00,9.8,304,2.22
2022-03-12,13.1,3.90,27.8,252,2.38
2022-03-13,13.0,0.20,11.3,276,1.96
2022-03-14,19.1,0.00,37.6,124,4.82
2022-03-15,21.2,0.00,54.6,157,7.55
2022-03-16,16.6,2.20,36.1,108,2.66
2022-03-17,12.2,6.30,15.5,265,1.77
2022-03-18,12.6,6.20,15.1,331,1.97
2022-03-19,12.4,3.40,17.3,16,1.53
2022-03-20,12.8,1.50,16.1,75,2.19
2022-03-21,15.5,11.10,26.2,126,3.39
2022-03-22,14.0,2.50,17.0,64,2.53
2022-03-23,14.5,2.20,19.2,109,1.71
2022-03-24,16.7,0.00,19.1,106,4.30
2022-03-25,15.8,0.40,23.5,61,3.12
2022-03-26,14.1,0.20,17.9,276,2.85
2022-03-27,13.8,1.10,17.3,283,2.60
2022-03-28,13.3,0.00,18.4,54,2.47
2022-03-29,19.1,0.10,30.7,206,4.46
2022-03-30,14.8,1.60,25.1,268,2.32
2022-03-31,12.9,11.20,30.2,267,2.27
2022-04-01,11.8,3.80,32.1,273,2.38
2022-04-02,10.1,1.10,20.9,292,2.85
2022-04-03,9.6,0.40,25.7,70,2.09
2022-04-04,13.0,6.40,39.3,70,1.70
2022-04-05,14.3,9.50,30.9,63,2.45
2022-04-06,12.9,0.90,31.1,263,2.84
2022-04-07,14.1,0.00,17.0,256,3.84
2022-04-08,14.7,0.00,18.6,261,4.29
2022-04-09,15.6,0.00,21.3,271,4.17
2022-04-10,14.7,0.00,22.7,53,3.59
2022-04-11,22.8,0.00,30.2,169,6.80
2022-04-12,17.2,5.80,24.4,277,3.34
2022-04-13,13.1,41.70,11.9,295,0.88
2022-04-14,13.9,28.30,23.5,251,2.44
2022-04-15,14.2,10.90,27.8,32,1.42
2022-04-16,14.5,0.10,17.1,265,3.63
2022-04-17,15.6,0.00,14.2,342,4.13
2022-04-18,15.7,0.00,14.0,50,4.05
2022-04-19,16.8,0.00,17.1,272,3.99
2022-04-20,15.1,9.90,26.0,259,3.46
2022-04-21,13.1,4.00,36.7,260,3.14
2022-04-22,15.3,0.00,19.3,259,4.69
2022-04-23,15.3,0.00,36.8,252,4.09
2022-04-24,15.1,0.00,17.9,271,4.11
2022-04-25,14.3,0.00,18.9,51,3.40
2022-04-26,15.5,0.00,19.1,50,3.44
2022-04-27,16.0,1.00,24.3,268,2.38
2022-04-28,14.2,10.30,13.4,281,1.64
2022-04-29,15.3,1.50,22.8,27,2.76
2022-04-30,15.4,0.00,14.5,312,3.82
2022-05-01,16.2,0.00,11.2,272,4.29
2022-05-02,17.9,0.30,11.9,244,3.61
2022-05-03,16.5,1.80,16.6,53,3.05
2022-05-04,17.5,4.50,26.9,42,3.53
2022-05-05,15.4,23.60,23.8,327,1.12
2022-05-06,16.0,0.00,16.9,279,3.94
2022-05-07,15.8,0.00,13.8,341,3.77
2022-05-08,17.0,0.00,12.8,59,4.75
2022-05-09,17.4,0.00,19.6,53,4.60
2022-05-10,16.7,0.00,15.7,45,4.22
2022-05-11,16.5,0.00,18.1,49,4.16
2022-05-12,21.1,0.00,16.5,46,5.52
2022-05-13,19.4,0.00,18.4,286,4.66
2022-05-14,18.4,0.00,15.3,35,4.28
2022-05-15,20.4,0.00,17.5,334,4.48
2022-05-16,19.8,0.00,12.6,313,4.63
2022-05-17,19.5,0.00,12.3,19,4.65
2022-05-18,19.1,0.00,16.2,41,4.40
2022-05-19,20.8,0.00,16.9,41,5.20
2022-05-20,22.7,0.00,18.7,41,5.76
2022-05-21,23.3,0.00,17.1,37,5.64
2022-05-22,25.2,0.00,20.1,276,6.16
2022-05-23,22.4,0.00,23.5,266,5.64
2022-05-24,22.3,0.00,14.5,345,5.40
2022-05-25,18.8,3.20,25.1,285,2.93
2022-05-26,16.6,15.90,18.4,306,3.11
2022-05-27,18.7,0.00,19.1,274,4.17
2022-05-28,21.2,0.00,12.8,329,5.70
2022-05-29,23.6,0.00,14.0,281,5.89
2022-05-30,23.0,0.00,22.2,272,5.85
2022-05-31,21.7,0.00,14.1,36,5.14
2022-06-01,21.4,0.00,15.5,357,4.62
2022-06-02,22.0,0.00,15.8,298,4.86
2022-06-03,22.8,0.10,14.3,323,4.76
2022-06-04,23.0,0.00,21.3,293,5.22
2022-06-05,23.3,0.00,14.4,13,5.02
2022-06-06,22.5,0.00,18.9,30,4.99
2022-06-07,22.0,0.00,14.6,18,4.92
2022-06-08,23.6,0.00,15.3,292,5.84
2022-06-09,22.6,0.00,18.6,40,5.03
2022-06-10,22.5,0.00,26.1,63,5.89
2022-06-11,21.3,0.00,21.4,56,5.54
2022-06-12,21.8,0.00,20.1,45,5.67
2022-06-13,23.0,0.00,18.0,33,5.90
2022-06-14,25.6,0.00,17.9,8,6.33
2022-06-15,24.9,0.00,17.8,26,5.95
2022-06-16,24.4,0.00,19.5,35,5.94
2022-06-17,24.6,0.00,18.6,38,6.33
2022-06-18,25.1,0.00,18.9,37,6.29
2022-06-19,24.7,0.00,20.0,304,5.98
2022-06-20,23.9,0.00,18.7,344,5.12
2022-06-21,25.1,0.00,23.5,333,5.73
2022-06-22,23.2,2.30,18.7,313,4.45
2022-06-23,22.7,1.50,14.4,13,3.84
2022-06-24,22.7,5.90,20.4,291,3.79
2022-06-25,23.1,0.00,14.6,4,5.52
2022-06-26,23.2,0.00,16.4,312,5.59
2022-06-27,23.3,0.00,21.9,295,5.77
2022-06-28,22.6,0.00,17.4,30,5.17
2022-06-29,23.1,0.00,24.7,45,5.05
2022-06-30,23.9,0.00,16.2,332,4.72
2022-07-01,24.3,0.10,22.7,41,4.00
2022-07-02,24.6,0.00,24.8,42,4.61
2022-07-03,26.7,0.00,20.6,351,5.39
2022-07-04,25.4,0.00,20.1,325,5.27
2022-07-05,25.1,0.00,16.8,34,4.72
2022-07-06,26.1,0.00,20.6,22,5.11
2022-07-07,25.0,0.40,19.6,8,5.04
2022-07-08,24.3,0.00,24.3,46,5.31
2022-07-09,23.4,0.00,16.0,38,5.15
2022-07-10,23.7,0.00,20.1,51,5.68
2022-07-11,23.7,0.00,24.7,50,5.58
2022-07-12,25.2,0.00,19.3,38,5.37
2022-07-13,24.8,0.00,18.8,32,5.08
2022-07-14,24.1,0.00,21.2,43,5.47
2022-07-15,24.2,0.00,22.7,43,5.35
2022-07-16,24.2,0.00,20.1,42,5.19
2022-07-17,24.3,0.00,18.2,37,5.39
2022-07-18,23.9,0.00,16.2,37,5.02
2022-07-19,24.1,0.00,15.0,35,4.68
2022-07-20,24.0,0.00,15.8,42,4.94
2022-07-21,24.6,0.00,19.9,45,4.90
2022-07-22,25.3,0.00,13.7,345,5.04
2022-07-23,25.5,0.00,15.7,35,5.05
2022-07-24,25.9,0.00,14.3,4,5.44
2022-07-25,26.6,0.00,15.2,325,5.70
2022-07-26,26.3,0.00,17.2,37,5.45
2022-07-27,25.9,0.00,19.0,47,5.16
2022-07-28,25.9,0.00,14.0,357,5.52
2022-07-29,26.2,0.00,13.3,5,5.42
2022-07-30,26.0,0.00,20.2,54,5.02
2022-07-31,26.5,0.00,25.9,46,5.25
2022-08-01,25.5,0.00,16.3,40,5.17
2022-08-02,25.3,0.00,17.2,44,5.37
2022-08-03,25.0,0.00,20.4,43,5.31
2022-08-04,24.9,0.00,20.4,44,4.95
2022-08-05,25.4,0.00,17.8,55,4.62
2022-08-06,25.3,0.00,21.9,46,5.14
2022-08-07,25.5,0.00,20.9,44,5.47
2022-08-08,25.3,0.00,18.8,35,5.35
2022-08-09,25.7,0.00,23.6,47,5.27
2022-08-10,25.6,0.00,24.7,50,5.67
2022-08-11,26.0,0.00,25.5,46,6.04
2022-08-12,25.5,0.00,15.4,25,5.53
2022-08-13,29.6,0.00,23.2,321,6.53
2022-08-14,31.3,0.00,16.7,8,6.70
2022-08-15,29.3,0.10,22.9,286,5.93
2022-08-16,26.9,0.10,18.6,356,4.09
2022-08-17,26.5,0.10,17.6,279,5.56
2022-08-18,25.3,0.00,20.9,297,5.52
2022-08-19,24.7,0.00,15.6,29,5.12
2022-08-20,23.8,0.00,17.1,57,5.10
2022-08-21,24.0,0.00,13.0,2,5.03
2022-08-22,25.1,0.00,19.6,48,5.16
2022-08-23,25.3,0.00,24.6,58,5.37
2022-08-24,25.4,0.00,20.5,52,5.35
2022-08-25,25.8,0.00,22.0,49,5.14
2022-08-26,25.6,0.10,24.1,24,4.72
2022-08-27,25.5,0.50,21.9,50,4.85
2022-08-28,25.6,0.00,21.7,49,4.72
2022-08-29,27.0,0.00,14.8,28,4.98
2022-08-30,28.3,0.00,17.8,360,5.40
2022-08-31,27.0,1.90,22.3,277,3.32
2022-09-01,27.1,0.00,14.8,30,5.18
2022-09-02,28.4,0.00,22.7,295,5.09
2022-09-03,28.8,0.00,19.2,320,4.80
2022-09-04,26.9,0.00,18.5,289,4.62
2022-09-05,26.3,0.00,21.9,302,4.51
2022-09-06,27.4,0.00,15.6,253,4.69
2022-09-07,26.7,0.00,16.0,354,4.30
2022-09-08,25.9,0.00,16.5,329,4.93
2022-09-09,24.9,0.00,14.6,15,4.55
2022-09-10,24.9,0.00,18.6,51,4.42
2022-09-11,26.0,0.00,16.3,37,4.78
2022-09-12,29.0,0.00,18.4,15,5.06
2022-09-13,30.2,0.00,17.6,332,5.85
2022-09-14,26.9,0.00,18.1,297,4.45
2022-09-15,25.5,0.00,21.0,273,4.00
2022-09-16,23.7,0.10,15.9,309,4.04
2022-09-17,24.3,0.10,21.8,54,4.18
2022-09-18,25.0,0.00,36.7,63,4.87
2022-09-19,24.6,0.00,21.6,56,4.15
2022-09-20,24.4,0.20,18.8,50,4.21
2022-09-21,23.2,2.30,23.5,58,3.24
2022-09-22,21.4,2.70,19.4,19,2.99
2022-09-23,21.6,0.30,14.9,47,3.56
2022-09-24,26.1,0.00,15.3,232,4.67
2022-09-25,23.7,0.60,16.2,214,2.90
2022-09-26,22.5,0.60,27.6,265,3.19
2022-09-27,21.2,0.60,30.2,265,4.02
2022-09-28,21.3,0.00,31.6,260,4.65
2022-09-29,21.1,0.00,29.1,257,4.85
2022-09-30,18.4,3.80,24.7,268,2.52
2022-10-01,18.9,0.00,17.6,34,3.31
2022-10-02,20.7,0.00,15.5,48,3.61
2022-10-03,23.2,0.40,15.9,41,3.45
2022-10-04,21.5,0.90,16.0,291,2.60
2022-10-05,19.8,1.10,16.4,61,1.73
2022-10-06,22.1,0.20,14.8,112,3.05
2022-10-07,23.6,0.10,17.8,170,3.71
2022-10-08,23.2,0.20,15.9,33,3.52
2022-10-09,22.0,0.00,20.9,56,3.10
2022-10-10,21.9,0.00,13.0,336,3.25
2022-10-11,21.3,0.40,17.7,311,3.07
2022-10-12,20.9,7.50,14.5,280,2.65
2022-10-13,20.3,0.50,15.2,44,2.63
2022-10-14,19.3,0.00,12.2,27,2.84
2022-10-15,21.3,0.00,11.3,25,3.43
2022-10-16,22.4,0.00,14.5,316,3.36
2022-10-17,24.1,0.00,12.6,356,3.52
2022-10-18,23.6,0.00,16.3,16,3.38
2022-10-19,24.4,0.00,10.2,20,3.49
2022-10-20,24.3,0.00,14.3,326,3.82
2022-10-21,22.7,0.00,12.0,339,3.03
2022-10-22,24.2,0.00,16.7,5,3.88
2022-10-23,26.9,0.00,20.0,194,5.52
2022-10-24,25.5,0.00,13.7,177,5.14
2022-10-25,24.7,0.00,14.3,178,4.95
2022-10-26,23.2,0.00,13.5,247,3.76
2022-10-27,22.4,0.00,12.3,342,3.44
2022-10-28,21.3,0.00,12.2,6,3.05
2022-10-29,20.2,0.00,13.8,31,2.65
2022-10-30,19.8,0.00,10.9,14,2.23
2022-10-31,19.6,0.00,9.7,35,2.53
2022-11-01,20.5,0.00,18.0,11,2.20
2022-11-02,19.7,0.00,12.1,331,2.34
2022-11-03,19.8,0.00,14.8,270,2.61
2022-11-04,18.7,4.00,27.4,276,1.88
2022-11-05,16.7,0.00,15.6,308,2.82
2022-11-06,16.7,0.00,10.0,218,2.52
2022-11-07,17.7,0.00,11.7,54,2.50
2022-11-08,18.4,0.00,9.4,307,2.52
2022-11-09,18.9,0.00,9.8,281,2.10
2022-11-10,17.9,1.90,16.4,268,1.87
2022-11-11,18.6,0.00,17.5,84,2.64
2022-11-12,19.3,0.00,13.7,71,2.59
2022-11-13,17.9,0.00,14.0,40,2.23
2022-11-14,17.3,0.00,14.5,262,2.34
2022-11-15,18.3,0.00,21.8,254,3.46
2022-11-16,19.0,3.70,27.8,245,2.69
2022-11-17,20.1,0.70,26.3,253,3.21
2022-11-18,18.5,12.70,27.5,255,2.20
2022-11-19,12.5,7.20,34.2,256,1.83
2022-11-20,13.3,1.10,23.9,254,2.23
2022-11-21,17.2,0.20,29.5,238,3.96
2022-11-22,16.4,2.60,41.0,269,3.40
2022-11-23,18.1,0.00,28.9,250,3.17
2022-11-24,17.7,0.00,16.1,264,2.11
2022-11-25,15.8,1.70,22.9,277,1.67
2022-11-26,14.4,0.10,17.9,313,1.82
2022-11-27,12.1,0.00,10.2,165,1.75
2022-11-28,12.1,1.40,33.0,278,2.39
2022-11-29,14.0,1.10,20.1,298,1.99
2022-11-30,12.4,2.70,8.1,185,1.38
2022-12-01,12.8,0.00,7.4,94,1.42
2022-12-02,13.3,0.00,13.4,27,1.49
2022-12-03,11.9,0.20,15.1,242,1.45
2022-12-04,14.0,0.00,11.1,196,1.98
2022-12-05,17.5,0.00,21.5,177,3.41
2022-12-06,15.9,4.20,19.5,246,1.72
2022-12-07,14.6,0.90,18.1,263,1.40
2022-12-08,15.5,0.00,11.5,220,1.82
2022-12-09,18.6,0.40,20.9,223,2.34
2022-12-10,15.7,2.60,33.6,259,1.92
2022-12-11,15.7,3.90,19.5,240,1.26
2022-12-12,18.1,1.30,22.6,259,2.25
2022-12-13,21.5,0.00,29.0,244,3.97
2022-12-14,20.4,7.80,25.6,250,2.93
2022-12-15,18.0,0.40,23.8,243,2.55
2022-12-16,14.6,0.00,22.4,243,2.16
2022-12-17,14.0,3.10,15.6,253,1.55
2022-12-18,13.2,0.00,10.0,95,1.41
2022-12-19,14.1,0.00,10.6,157,1.76
2022-12-20,13.9,0.00,10.1,212,1.77
2022-12-21,14.4,0.90,23.8,261,1.90
2022-12-22,14.3,0.00,20.0,254,1.60
2022-12-23,14.4,0.00,13.1,251,1.78
2022-12-24,15.6,0.00,11.0,260,1.84
2022-12-25,15.2,0.00,12.7,227,2.03
2022-12-26,16.1,0.00,12.7,237,2.29
2022-12-27,14.1,0.00,7.2,338,1.61
2022-12-28,14.3,0.00,8.9,304,1.75
2022-12-29,12.5,0.00,17.3,257,1.69
2022-12-30,13.4,0.00,14.8,246,2.06
2022-12-31,13.8,0.00,12.1,194,2.09
2023-01-01,14.8,0.00,11.1,221,2.37
2023-01-02,14.1,0.00,11.8,255,2.09
2023-01-03,12.3,0.00,9.6,273,1.58
2023-01-04,11.9,0.80,11.6,313,1.29
2023-01-05,11.2,0.20,10.5,63,1.29
2023-01-06,10.8,0.00,10.9,282,1.54
2023-01-07,10.1,0.00,10.7,258,1.67
2023-01-08,13.4,0.00,23.3,241,2.97
2023-01-09,17.7,3.70,29.9,262,3.09
2023-01-10,14.6,1.90,14.7,267,1.60
2023-01-11,13.5,0.30,15.8,259,1.71
2023-01-12,13.5,2.30,14.8,45,1.41
2023-01-13,12.1,0.20,14.1,268,1.35
2023-01-14,12.1,0.00,9.5,246,1.40
2023-01-15,11.5,0.00,20.5,256,2.03
2023-01-16,14.1,0.80,34.6,251,2.46
2023-01-17,15.7,1.40,44.9,244,3.79
2023-01-18,9.5,18.60,36.6,261,1.63
2023-01-19,8.6,12.20,30.1,251,2.14
2023-01-20,10.8,3.20,27.9,253,1.63
2023-01-21,8.3,4.30,17.3,305,1.10
2023-01-22,5.6,8.40,13.6,252,0.76
2023-01-23,5.5,6.40,15.1,237,1.20
2023-01-24,6.3,2.50,11.8,252,1.17
2023-01-25,7.9,10.40,16.9,277,0.88
2023-01-26,7.6,8.40,16.9,272,0.94
2023-01-27,6.9,5.00,18.9,253,1.04
2023-01-28,7.1,10.70,10.2,256,1.03
2023-01-29,6.9,6.10,13.3,261,0.79
2023-01-30,7.8,0.80,12.4,254,1.30
2023-01-31,8.0,0.00,9.3,251,1.78
2023-02-01,8.0,0.00,13.8,109,1.77
2023-02-02,8.8,0.00,15.7,56,1.73
2023-02-03,10.3,3.70,7.4,12,0.92
2023-02-04,10.4,0.20,14.5,262,1.77
2023-02-05,10.5,0.40,13.3,292,1.73
2023-02-06,10.8,5.20,19.8,72,1.09
2023-02-07,10.4,0.00,14.1,45,1.76
2023-02-08,10.1,2.40,11.6,46,1.55
2023-02-09,9.2,10.60,28.7,43,1.24
2023-02-10,8.4,2.30,16.2,65,1.56
2023-02-11,8.0,0.00,21.7,81,2.02
2023-02-12,9.6,0.00,14.5,63,1.99
2023-02-13,9.4,0.00,17.7,65,2.14
2023-02-14,10.5,0.00,16.1,71,2.39
2023-02-15,11.5,0.00,11.3,86,1.89
2023-02-16,11.4,0.00,13.4,91,2.47
2023-02-17,11.6,0.00,18.3,45,1.95
2023-02-18,12.0,0.00,13.6,47,2.19
2023-02-19,12.4,0.00,9.4,10,2.51
2023-02-20,13.0,0.00,9.7,29,2.53
2023-02-21,15.1,0.00,11.7,271,3.17
2023-02-22,13.2,0.00,16.5,277,2.35
2023-02-23,12.9,0.00,10.5,33,2.31
2023-02-24,13.4,3.60,18.1,32,1.71
2023-02-25,11.2,8.70,32.6,267,1.99
2023-02-26,9.1,0.60,28.0,245,1.95
2023-02-27,8.9,0.50,31.0,260,1.90
2023-02-28,7.8,5.20,34.2,262,2.06
2023-03-01,8.5,13.60,13.3,252,1.76
2023-03-02,8.5,12.10,36.0,263,2.17
2023-03-03,9.4,3.30,23.8,267,2.15
2023-03-04,9.2,1.00,9.2,276,2.18
2023-03-05,9.7,0.00,8.9,98,2.71
2023-03-06,12.1,0.40,28.4,260,2.27
2023-03-07,13.9,0.10,25.6,252,2.18
2023-03-08,15.9,0.00,16.4,256,3.07
2023-03-09,16.8,0.00,23.6,263,3.40
2023-03-10,16.4,0.00,30.3,265,3.31
2023-03-11,16.4,0.00,24.1,264,3.91
2023-03-12,16.6,0.00,16.6,270,3.42
2023-03-13,17.5,0.00,18.8,315,3.46
2023-03-14,15.5,0.00,22.5,275,3.49
2023-03-15,12.9,0.00,11.3,3,3.35
2023-03-16,13.7,0.00,19.6,46,3.24
2023-03-17,15.5,0.00,22.9,274,3.19
2023-03-18,13.0,7.10,11.2,225,0.89
2023-03-19,13.7,2.10,9.5,14,1.43
2023-03-20,13.0,2.20,18.2,44,2.28
2023-03-21,12.0,0.00,14.8,51,2.73
2023-03-22,12.2,0.00,11.7,52,3.19
2023-03-23,15.4,0.00,11.5,34,3.65
2023-03-24,15.8,0.00,14.8,266,4.00
2023-03-25,16.1,0.00,9.3,318,3.72
2023-03-26,16.5,0.00,17.5,264,3.97
2023-03-27,15.2,0.00,14.5,342,3.44
2023-03-28,13.3,0.00,23.7,59,3.25
2023-03-29,14.8,0.00,10.4,32,3.60
2023-03-30,16.0,0.00,14.7,267,3.74
2023-03-31,17.9,0.00,19.3,267,4.75
2023-04-01,17.4,0.00,25.5,276,4.08
2023-04-02,14.1,7.20,25.0,306,3.47
2023-04-03,12.6,0.20,12.5,28,3.29
2023-04-04,12.5,0.00,19.0,63,3.28
2023-04-05,12.7,0.00,24.8,73,4.03
2023-04-06,12.2,0.00,29.4,63,4.06
2023-04-07,13.0,0.00,23.3,59,3.67
2023-04-08,14.5,0.00,10.2,16,4.08
2023-04-09,14.4,0.00,14.3,40,3.74
2023-04-10,15.4,0.00,13.0,17,4.05
2023-04-11,16.9,0.00,12.6,23,4.29
2023-04-12,18.7,0.00,22.6,272,5.31
2023-04-13,16.1,1.60,25.2,304,3.47
2023-04-14,15.6,0.00,20.3,266,4.20
2023-04-15,16.7,0.00,14.8,295,4.59
2023-04-16,14.9,0.00,21.4,62,4.01
2023-04-17,14.3,0.00,24.6,72,4.41
2023-04-18,14.7,0.00,22.3,59,3.93
2023-04-19,15.6,0.30,25.2,57,2.88
2023-04-20,15.9,0.40,16.3,46,3.26
2023-04-21,14.9,0.00,19.4,44,3.75
2023-04-22,16.9,0.00,20.1,272,4.05
2023-04-23,17.6,0.00,12.9,340,4.46
2023-04-24,18.1,0.00,15.5,17,4.47
2023-04-25,19.7,0.00,12.6,349,4.82
2023-04-26,19.6,0.00,13.9,27,4.83
2023-04-27,19.4,0.00,16.8,30,5.01
2023-04-28,22.0,0.00,16.6,22,5.65
2023-04-29,23.0,0.00,18.8,268,4.49
2023-04-30,19.8,0.00,20.2,333,4.38
2023-05-01,18.6,0.00,20.1,55,4.19
2023-05-02,17.9,0.00,14.0,34,4.78
2023-05-03,17.4,0.00,24.9,55,4.56
2023-05-04,18.8,0.00,14.0,3,4.72
2023-05-05,18.3,0.00,16.3,36,4.38
2023-05-06,20.5,0.00,21.2,297,4.97
2023-05-07,18.6,1.30,24.4,285,2.22
2023-05-08,18.3,0.00,14.5,357,4.33
2023-05-09,18.6,0.00,14.7,27,4.76
2023-05-10,18.9,0.00,24.3,50,4.25
2023-05-11,18.2,4.00,25.3,55,3.60
2023-05-12,18.2,0.00,19.8,51,4.10
2023-05-13,15.8,18.40,15.3,38,1.32
2023-05-14,15.0,9.00,12.3,299,3.20
2023-05-15,16.3,7.50,18.2,275,3.67
2023-05-16,16.8,1.20,19.9,286,4.29
2023-05-17,16.2,2.20,30.0,62,3.17
2023-05-18,16.5,1.10,21.6,45,3.71
2023-05-19,15.8,5.20,18.3,9,2.64
2023-05-20,15.1,6.60,20.1,296,2.81
2023-05-21,16.1,0.00,22.1,60,4.58
2023-05-22,17.9,0.50,26.8,55,3.67
2023-05-23,18.4,8.60,17.8,347,2.48
2023-05-24,17.7,5.60,22.2,279,3.46
2023-05-25,17.0,9.20,18.4,285,2.54
2023-05-26,18.3,0.00,20.1,53,4.26
2023-05-27,21.5,0.70,13.5,42,3.72
2023-05-28,18.7,14.20,11.7,18,2.31
2023-05-29,18.0,2.10,19.3,283,3.58
2023-05-30,17.3,3.10,14.5,273,2.86
2023-05-31,18.1,8.50,13.3,275,3.51
2023-06-01,18.3,0.00,15.5,52,4.51
2023-06-02,19.4,0.00,18.3,42,3.29
2023-06-03,17.5,36.20,15.6,106,1.48
2023-06-04,19.0,0.00,17.1,33,4.32
2023-06-05,19.2,0.10,15.5,49,4.10
2023-06-06,19.1,0.00,20.4,55,4.30
2023-06-07,20.1,0.00,20.6,43,2.00
2023-06-08,21.5,0.00,20.4,41,4.45
2023-06-09,21.5,5.50,23.4,275,3.70
2023-06-10,21.6,0.00,16.3,296,5.25
2023-06-11,21.5,0.00,19.4,322,4.84
2023-06-12,21.8,2.30,15.8,36,4.80
2023-06-13,22.5,1.40,21.5,275,5.03
2023-06-14,21.4,1.40,23.4,278,4.43
2023-06-15,21.6,0.00,13.4,19,5.12
2023-06-16,22.4,0.00,20.1,45,5.66
2023-06-17,22.7,0.00,20.1,43,5.66
2023-06-18,24.3,0.00,25.9,25,5.51
2023-06-19,27.8,0.00,36.6,223,8.36
2023-06-20,22.6,0.10,19.5,292,4.09
2023-06-21,23.0,0.00,18.1,295,4.80
2023-06-22,23.5,0.00,14.8,325,5.22
2023-06-23,22.8,0.00,23.2,53,4.53
2023-06-24,23.1,0.00,24.2,49,5.29
2023-06-25,22.3,0.00,17.2,33,5.38
2023-06-26,22.4,0.00,16.6,42,5.19
2023-06-27,23.8,0.00,19.2,43,5.65
2023-06-28,24.8,0.00,16.9,36,5.87
2023-06-29,24.2,0.00,11.5,332,5.50
2023-06-30,24.2,0.00,16.3,327,5.31
2023-07-01,23.7,0.00,20.0,50,4.90
2023-07-02,23.3,0.00,20.4,44,5.20
2023-07-03,23.8,0.00,18.6,41,5.35
2023-07-04,24.9,0.00,14.2,344,5.67
2023-07-05,24.1,0.00,14.3,26,5.38
2023-07-06,25.2,0.00,15.6,8,4.89
2023-07-07,25.6,0.00,18.5,274,4.55
2023-07-08,26.1,0.00,16.1,302,5.32
2023-07-09,25.4,0.00,14.0,18,5.04
2023-07-10,34.7,0.00,24.6,189,9.09
2023-07-11,37.7,0.00,19.8,191,9.03
2023-07-12,30.7,0.00,17.2,333,6.85
2023-07-13,27.3,0.00,17.3,37,5.77
2023-07-14,26.4,0.00,18.4,54,5.30
2023-07-15,26.9,0.00,18.2,288,5.49
2023-07-16,26.9,0.00,18.1,47,5.44
2023-07-17,32.4,0.00,20.8,29,7.35
2023-07-18,33.3,0.00,22.5,342,7.87
2023-07-19,30.6,0.00,18.0,277,7.40
2023-07-20,29.7,0.00,13.5,343,6.54
2023-07-21,29.8,0.00,20.1,279,6.73
2023-07-22,28.6,0.00,17.4,21,5.70
2023-07-23,33.5,0.00,18.7,265,7.39
2023-07-24,32.4,0.00,27.8,251,8.42
2023-07-25,28.9,0.00,24.8,294,6.59
2023-07-26,27.2,0.00,17.6,44,5.53
2023-07-27,27.2,0.00,25.5,49,5.75
2023-07-28,27.0,0.00,16.7,341,4.04
2023-07-29,27.0,0.00,13.0,9,4.99
2023-07-30,26.6,0.00,15.2,29,4.69
2023-07-31,26.6,0.00,16.2,41,5.27
2023-08-01,26.7,0.00,15.5,321,5.57
2023-08-02,27.2,0.00,15.9,9,5.74
2023-08-03,27.7,0.00,19.9,284,6.15
2023-08-04,24.8,1.90,29.1,5,3.80
2023-08-05,24.1,0.00,14.1,12,5.33
2023-08-06,24.4,0.00,19.2,60,5.58
2023-08-07,25.2,0.00,29.7,60,5.52
2023-08-08,25.3,0.00,21.3,54,5.53
2023-08-09,24.8,0.00,17.4,43,5.14
2023-08-10,26.6,0.00,14.6,356,5.59
2023-08-11,25.8,0.00,16.5,34,5.16
2023-08-12,25.0,0.00,16.3,46,4.93
2023-08-13,24.9,0.00,18.6,51,4.96
2023-08-14,25.8,0.00,16.5,14,5.36
2023-08-15,26.2,0.00,12.3,2,5.36
2023-08-16,27.9,0.00,17.2,291,5.63
2023-08-17,26.5,0.00,13.7,285,5.21
2023-08-18,26.2,0.00,12.6,24,5.45
2023-08-19,25.4,0.00,15.5,23,5.40
2023-08-20,25.1,0.00,16.2,49,4.73
2023-08-21,25.4,0.00,20.4,53,4.75
2023-08-22,25.8,0.00,22.1,47,5.17
2023-08-23,26.3,0.00,19.7,36,5.14
2023-08-24,25.1,0.00,16.9,37,4.81
2023-08-25,25.4,0.00,13.3,13,4.71
2023-08-26,25.9,0.00,14.9,35,5.18
2023-08-27,26.4,0.10,47.1,275,4.82
2023-08-28,23.6,0.00,21.6,272,5.37
2023-08-29,23.7,0.00,16.9,290,5.49
2023-08-30,23.4,0.00,16.8,41,4.78
2023-08-31,24.0,0.10,19.1,49,4.56
2023-09-01,23.9,0.00,16.6,36,4.19
2023-09-02,23.6,0.50,21.3,23,2.27
2023-09-03,28.8,0.20,28.2,76,6.25
2023-09-04,28.7,0.00,21.4,292,5.28
2023-09-05,25.1,0.00,19.0,302,4.73
2023-09-06,24.1,0.30,16.3,32,3.66
2023-09-07,23.2,0.00,17.3,51,4.37
2023-09-08,22.7,0.00,18.6,58,4.26
2023-09-09,23.0,0.00,20.4,57,4.26
2023-09-10,24.1,0.00,17.8,44,4.26
2023-09-11,24.8,0.00,24.0,280,4.04
2023-09-12,24.2,0.60,19.1,2,2.82
2023-09-13,24.8,0.80,14.3,51,2.72
2023-09-14,24.8,0.00,26.0,48,4.13
2023-09-15,27.8,0.00,22.6,194,4.36
2023-09-16,27.3,0.00,17.9,69,5.48
2023-09-17,28.8,0.00,28.6,268,5.80
2023-09-18,25.3,0.30,16.8,15,3.83
2023-09-19,24.3,1.50,19.6,33,2.22
2023-09-20,24.0,0.70,15.9,284,3.92
2023-09-21,23.4,0.00,19.7,271,4.39
2023-09-22,22.4,0.80,29.6,269,4.01
2023-09-23,21.8,0.30,17.3,65,4.32
2023-09-24,21.5,0.00,21.3,65,4.52
2023-09-25,21.8,0.00,23.7,60,4.23
2023-09-26,21.0,0.00,18.3,59,4.06
2023-09-27,20.7,0.00,17.6,49,3.79
2023-09-28,21.1,0.00,17.9,54,3.61
2023-09-29,21.5,0.00,17.8,55,3.54
2023-09-30,21.1,0.00,15.9,52,3.50
2023-10-01,22.6,0.00,20.6,49,4.01
2023-10-02,22.6,0.00,18.2,50,3.76
2023-10-03,22.7,0.00,13.9,329,3.33
2023-10-04,22.7,0.00,18.2,55,3.25
2023-10-05,21.8,0.00,14.6,40,3.36
2023-10-06,22.8,0.00,15.9,39,3.64
2023-10-07,21.6,0.00,19.2,52,3.40
2023-10-08,20.7,0.00,17.1,55,3.26
2023-10-09,21.0,0.00,17.2,52,3.18
2023-10-10,21.1,0.00,14.7,46,3.14
2023-10-11,21.3,0.00,13.8,7,3.04
2023-10-12,21.8,0.00,11.6,15,3.07
2023-10-13,22.5,0.00,12.8,13,3.75
2023-10-14,22.1,0.00,20.0,264,4.13
2023-10-15,21.7,0.00,14.6,256,3.30
2023-10-16,22.2,0.00,12.8,315,3.07
2023-10-17,25.0,0.00,13.6,318,3.96
2023-10-18,23.3,0.00,25.2,266,4.22
2023-10-19,23.2,0.00,19.7,268,3.48
2023-10-20,21.3,0.60,34.7,256,4.57
2023-10-21,19.3,0.20,22.1,253,3.63
2023-10-22,22.9,0.00,27.1,136,5.02
2023-10-23,22.5,0.10,24.5,80,3.99
2023-10-24,20.0,3.20,21.1,260,2.61
2023-10-25,19.7,0.00,33.0,256,3.53
2023-10-26,21.1,0.00,23.5,250,3.64
2023-10-27,22.1,0.50,31.7,259,3.81
2023-10-28,19.7,0.00,12.5,296,2.68
2023-10-29,18.3,0.00,12.0,69,2.48
2023-10-30,19.1,0.00,14.1,267,1.99
2023-10-31,19.6,1.00,20.5,31,2.18
2023-11-01,19.2,0.30,23.0,263,2.48
2023-11-02,21.5,0.30,36.8,249,4.90
2023-11-03,18.0,2.90,38.8,264,3.39
2023-11-04,18.8,0.10,27.9,245,3.37
2023-11-05,19.0,0.20,32.8,254,2.92
2023-11-06,16.6,0.10,17.2,254,2.34
2023-11-07,15.9,7.20,15.3,261,2.16
2023-11-08,14.6,0.00,8.6,252,2.06
2023-11-09,15.6,2.90,20.6,260,2.29
2023-11-10,16.4,0.00,30.3,263,2.51
2023-11-11,17.7,0.00,23.4,258,2.68
2023-11-12,17.7,0.00,23.6,261,2.68
2023-11-13,17.5,0.00,11.3,241,2.26
2023-11-14,18.0,0.00,12.5,258,2.52
2023-11-15,17.5,0.00,10.2,293,2.20
2023-11-16,16.8,0.00,12.7,267,2.27
2023-11-17,16.5,0.00,10.5,281,2.17
2023-11-18,16.3,0.00,14.8,56,1.84
2023-11-19,16.5,0.00,8.7,327,2.20
